image_path,label
C:\python\999_cs\Quantum_Inpired_PSO_Classifcation\data\PVNS\Pigmented_Villonodular_Synovitis(PVNS)of_Ankle001.jpg,PVNS
C:\python\999_cs\Quantum_Inpired_PSO_Classifcation\data\PVNS\Pigmented_Villonodular_Synovitis(PVNS)of_Ankle002.jpg,PVNS
C:\python\999_cs\Quantum_Inpired_PSO_Classifcation\data\PVNS\Pigmented_Villonodular_Synovitis(PVNS)of_Ankle003.jpg,PVNS
C:\python\999_cs\Quantum_Inpired_PSO_Classifcation\data\PVNS\Pigmented_Villonodular_Synovitis(PVNS)of_Ankle004.jpg,PVNS
C:\python\999_cs\Quantum_Inpired_PSO_Classifcation\data\PVNS\Pigmented_Villonodular_Synovitis(PVNS)of_Ankle005.jpg,PVNS
C:\python\999_cs\Quantum_Inpired_PSO_Classifcation\data\PVNS\Pigmented_Villonodular_Synovitis(PVNS)of_Ankle006.jpg,PVNS
C:\python\999_cs\Quantum_Inpired_PSO_Classifcation\data\PVNS\Pigmented_Villonodular_Synovitis(PVNS)of_Ankle007.jpg,PVNS
C:\python\999_cs\Quantum_Inpired_PSO_Classifcation\data\PVNS\Pigmented_Villonodular_Synovitis(PVNS)of_Ankle008.jpg,PVNS
C:\python\999_cs\Quantum_Inpired_PSO_Classifcation\data\PVNS\Pigmented_Villonodular_Synovitis(PVNS)of_Ankle009.jpg,PVNS
C:\python\999_cs\Quantum_Inpired_PSO_Classifcation\data\PVNS\Pigmented_Villonodular_Synovitis(PVNS)of_Ankle010.jpg,PVNS
C:\python\999_cs\Quantum_Inpired_PSO_Classifcation\data\PVNS\Pigmented_Villonodular_Synovitis(PVNS)of_Ankle011.jpg,PVNS
C:\python\999_cs\Quantum_Inpired_PSO_Classifcation\data\PVNS\Pigmented_Villonodular_Synovitis(PVNS)of_Ankle012.jpg,PVNS
C:\python\999_cs\Quantum_Inpired_PSO_Classifcation\data\PVNS\Pigmented_Villonodular_Synovitis(PVNS)of_Ankle013.jpg,PVNS
C:\python\999_cs\Quantum_Inpired_PSO_Classifcation\data\PVNS\Pigmented_Villonodular_Synovitis(PVNS)of_Ankle014.jpg,PVNS
C:\python\999_cs\Quantum_Inpired_PSO_Classifcation\data\PVNS\Pigmented_Villonodular_Synovitis(PVNS)of_Ankle015.jpg,PVNS
C:\python\999_cs\Quantum_Inpired_PSO_Classifcation\data\PVNS\Pigmented_Villonodular_Synovitis(PVNS)of_Ankle016.jpg,PVNS
C:\python\999_cs\Quantum_Inpired_PSO_Classifcation\data\PVNS\Pigmented_Villonodular_Synovitis(PVNS)of_Ankle017.jpg,PVNS
C:\python\999_cs\Quantum_Inpired_PSO_Classifcation\data\PVNS\Pigmented_Villonodular_Synovitis(PVNS)of_Ankle018.jpg,PVNS
C:\python\999_cs\Quantum_Inpired_PSO_Classifcation\data\PVNS\Pigmented_Villonodular_Synovitis(PVNS)of_Ankle019.jpg,PVNS
C:\python\999_cs\Quantum_Inpired_PSO_Classifcation\data\PVNS\Pigmented_Villonodular_Synovitis(PVNS)of_Ankle020.jpg,PVNS
C:\python\999_cs\Quantum_Inpired_PSO_Classifcation\data\PVNS\Pigmented_Villonodular_Synovitis(PVNS)of_Ankle021.jpg,PVNS
C:\python\999_cs\Quantum_Inpired_PSO_Classifcation\data\PVNS\Pigmented_Villonodular_Synovitis(PVNS)of_Ankle022.jpg,PVNS
C:\python\999_cs\Quantum_Inpired_PSO_Classifcation\data\PVNS\Pigmented_Villonodular_Synovitis(PVNS)of_Ankle023.jpg,PVNS
C:\python\999_cs\Quantum_Inpired_PSO_Classifcation\data\PVNS\Pigmented_Villonodular_Synovitis(PVNS)of_Ankle024.jpg,PVNS
C:\python\999_cs\Quantum_Inpired_PSO_Classifcation\data\PVNS\Pigmented_Villonodular_Synovitis(PVNS)of_Ankle025.jpg,PVNS
C:\python\999_cs\Quantum_Inpired_PSO_Classifcation\data\PVNS\Pigmented_Villonodular_Synovitis(PVNS)of_Ankle026.jpg,PVNS
C:\python\999_cs\Quantum_Inpired_PSO_Classifcation\data\PVNS\Pigmented_Villonodular_Synovitis(PVNS)of_Ankle027.jpg,PVNS
C:\python\999_cs\Quantum_Inpired_PSO_Classifcation\data\PVNS\Pigmented_Villonodular_Synovitis(PVNS)of_Ankle028.jpg,PVNS
C:\python\999_cs\Quantum_Inpired_PSO_Classifcation\data\PVNS\Pigmented_Villonodular_Synovitis(PVNS)of_Ankle029.jpg,PVNS
C:\python\999_cs\Quantum_Inpired_PSO_Classifcation\data\PVNS\Pigmented_Villonodular_Synovitis(PVNS)of_Ankle030.jpg,PVNS
C:\python\999_cs\Quantum_Inpired_PSO_Classifcation\data\PVNS\Pigmented_Villonodular_Synovitis(PVNS)of_Ankle031.jpg,PVNS
C:\python\999_cs\Quantum_Inpired_PSO_Classifcation\data\PVNS\Pigmented_Villonodular_Synovitis(PVNS)of_Ankle032.jpg,PVNS
C:\python\999_cs\Quantum_Inpired_PSO_Classifcation\data\PVNS\Pigmented_Villonodular_Synovitis(PVNS)of_Ankle033.jpg,PVNS
C:\python\999_cs\Quantum_Inpired_PSO_Classifcation\data\PVNS\Pigmented_Villonodular_Synovitis(PVNS)of_Ankle034.jpg,PVNS
C:\python\999_cs\Quantum_Inpired_PSO_Classifcation\data\PVNS\Pigmented_Villonodular_Synovitis(PVNS)of_Ankle035.jpg,PVNS
C:\python\999_cs\Quantum_Inpired_PSO_Classifcation\data\PVNS\Pigmented_Villonodular_Synovitis(PVNS)of_Ankle036.jpg,PVNS
C:\python\999_cs\Quantum_Inpired_PSO_Classifcation\data\PVNS\Pigmented_Villonodular_Synovitis(PVNS)of_Ankle037.jpg,PVNS
C:\python\999_cs\Quantum_Inpired_PSO_Classifcation\data\PVNS\Pigmented_Villonodular_Synovitis(PVNS)of_Ankle038.jpg,PVNS
C:\python\999_cs\Quantum_Inpired_PSO_Classifcation\data\PVNS\Pigmented_Villonodular_Synovitis(PVNS)of_Ankle039.jpg,PVNS
C:\python\999_cs\Quantum_Inpired_PSO_Classifcation\data\PVNS\Pigmented_Villonodular_Synovitis(PVNS)of_Ankle040.jpg,PVNS
C:\python\999_cs\Quantum_Inpired_PSO_Classifcation\data\PVNS\Pigmented_Villonodular_Synovitis(PVNS)of_Ankle041.jpg,PVNS
C:\python\999_cs\Quantum_Inpired_PSO_Classifcation\data\PVNS\Pigmented_Villonodular_Synovitis(PVNS)of_Ankle042.jpg,PVNS
C:\python\999_cs\Quantum_Inpired_PSO_Classifcation\data\PVNS\Pigmented_Villonodular_Synovitis(PVNS)of_Ankle043.jpg,PVNS
C:\python\999_cs\Quantum_Inpired_PSO_Classifcation\data\PVNS\Pigmented_Villonodular_Synovitis(PVNS)of_Ankle044.jpg,PVNS
C:\python\999_cs\Quantum_Inpired_PSO_Classifcation\data\PVNS\Pigmented_Villonodular_Synovitis(PVNS)of_Ankle045.jpg,PVNS
C:\python\999_cs\Quantum_Inpired_PSO_Classifcation\data\PVNS\Pigmented_Villonodular_Synovitis(PVNS)of_Ankle046.jpg,PVNS
C:\python\999_cs\Quantum_Inpired_PSO_Classifcation\data\PVNS\Pigmented_Villonodular_Synovitis(PVNS)of_Ankle047.jpg,PVNS
C:\python\999_cs\Quantum_Inpired_PSO_Classifcation\data\PVNS\Pigmented_Villonodular_Synovitis(PVNS)of_Ankle048.jpg,PVNS
C:\python\999_cs\Quantum_Inpired_PSO_Classifcation\data\PVNS\Pigmented_Villonodular_Synovitis(PVNS)of_Ankle049.jpg,PVNS
C:\python\999_cs\Quantum_Inpired_PSO_Classifcation\data\PVNS\Pigmented_Villonodular_Synovitis(PVNS)of_Ankle050.jpg,PVNS
C:\python\999_cs\Quantum_Inpired_PSO_Classifcation\data\PVNS\Pigmented_Villonodular_Synovitis(PVNS)of_Ankle051.jpg,PVNS
C:\python\999_cs\Quantum_Inpired_PSO_Classifcation\data\PVNS\Pigmented_Villonodular_Synovitis(PVNS)of_Ankle052.jpg,PVNS
C:\python\999_cs\Quantum_Inpired_PSO_Classifcation\data\PVNS\Pigmented_Villonodular_Synovitis(PVNS)of_Ankle053.jpg,PVNS
C:\python\999_cs\Quantum_Inpired_PSO_Classifcation\data\PVNS\Pigmented_Villonodular_Synovitis(PVNS)of_Ankle054.jpg,PVNS
C:\python\999_cs\Quantum_Inpired_PSO_Classifcation\data\PVNS\Pigmented_Villonodular_Synovitis(PVNS)of_Ankle055.jpg,PVNS
C:\python\999_cs\Quantum_Inpired_PSO_Classifcation\data\PVNS\Pigmented_Villonodular_Synovitis(PVNS)of_Ankle056.jpg,PVNS
C:\python\999_cs\Quantum_Inpired_PSO_Classifcation\data\PVNS\Pigmented_Villonodular_Synovitis(PVNS)of_Ankle057.jpg,PVNS
C:\python\999_cs\Quantum_Inpired_PSO_Classifcation\data\PVNS\Pigmented_Villonodular_Synovitis(PVNS)of_Ankle058.jpg,PVNS
C:\python\999_cs\Quantum_Inpired_PSO_Classifcation\data\PVNS\Pigmented_Villonodular_Synovitis(PVNS)of_Ankle059.jpg,PVNS
C:\python\999_cs\Quantum_Inpired_PSO_Classifcation\data\PVNS\Pigmented_Villonodular_Synovitis(PVNS)of_Ankle060.jpg,PVNS
C:\python\999_cs\Quantum_Inpired_PSO_Classifcation\data\PVNS\Pigmented_Villonodular_Synovitis(PVNS)of_Ankle061.jpg,PVNS
C:\python\999_cs\Quantum_Inpired_PSO_Classifcation\data\PVNS\Pigmented_Villonodular_Synovitis(PVNS)of_Ankle062.jpg,PVNS
C:\python\999_cs\Quantum_Inpired_PSO_Classifcation\data\PVNS\Pigmented_Villonodular_Synovitis(PVNS)of_Ankle063.jpg,PVNS
C:\python\999_cs\Quantum_Inpired_PSO_Classifcation\data\PVNS\Pigmented_Villonodular_Synovitis(PVNS)of_Ankle064.jpg,PVNS
C:\python\999_cs\Quantum_Inpired_PSO_Classifcation\data\PVNS\Pigmented_Villonodular_Synovitis(PVNS)of_Ankle065.jpg,PVNS
C:\python\999_cs\Quantum_Inpired_PSO_Classifcation\data\PVNS\Pigmented_Villonodular_Synovitis(PVNS)of_Ankle066.jpg,PVNS
C:\python\999_cs\Quantum_Inpired_PSO_Classifcation\data\PVNS\Pigmented_Villonodular_Synovitis(PVNS)of_Ankle067.jpg,PVNS
C:\python\999_cs\Quantum_Inpired_PSO_Classifcation\data\PVNS\Pigmented_Villonodular_Synovitis(PVNS)of_Ankle068.jpg,PVNS
C:\python\999_cs\Quantum_Inpired_PSO_Classifcation\data\PVNS\Pigmented_Villonodular_Synovitis(PVNS)of_Ankle069.jpg,PVNS
C:\python\999_cs\Quantum_Inpired_PSO_Classifcation\data\PVNS\Pigmented_Villonodular_Synovitis(PVNS)of_Ankle070.jpg,PVNS
C:\python\999_cs\Quantum_Inpired_PSO_Classifcation\data\PVNS\Pigmented_Villonodular_Synovitis(PVNS)of_Ankle071.jpg,PVNS
C:\python\999_cs\Quantum_Inpired_PSO_Classifcation\data\PVNS\Pigmented_Villonodular_Synovitis(PVNS)of_Ankle072.jpg,PVNS
C:\python\999_cs\Quantum_Inpired_PSO_Classifcation\data\PVNS\Pigmented_Villonodular_Synovitis(PVNS)of_Ankle073.jpg,PVNS
C:\python\999_cs\Quantum_Inpired_PSO_Classifcation\data\PVNS\Pigmented_Villonodular_Synovitis(PVNS)of_Ankle074.jpg,PVNS
C:\python\999_cs\Quantum_Inpired_PSO_Classifcation\data\PVNS\Pigmented_Villonodular_Synovitis(PVNS)of_Ankle075.jpg,PVNS
C:\python\999_cs\Quantum_Inpired_PSO_Classifcation\data\PVNS\Pigmented_Villonodular_Synovitis(PVNS)of_Ankle076.jpg,PVNS
C:\python\999_cs\Quantum_Inpired_PSO_Classifcation\data\PVNS\Pigmented_Villonodular_Synovitis(PVNS)of_Ankle077.jpg,PVNS
C:\python\999_cs\Quantum_Inpired_PSO_Classifcation\data\PVNS\Pigmented_Villonodular_Synovitis(PVNS)of_Ankle078.jpg,PVNS
C:\python\999_cs\Quantum_Inpired_PSO_Classifcation\data\PVNS\Pigmented_Villonodular_Synovitis(PVNS)of_Ankle079.jpg,PVNS
C:\python\999_cs\Quantum_Inpired_PSO_Classifcation\data\PVNS\Pigmented_Villonodular_Synovitis(PVNS)of_Ankle080.jpg,PVNS
C:\python\999_cs\Quantum_Inpired_PSO_Classifcation\data\PVNS\Pigmented_Villonodular_Synovitis(PVNS)of_Ankle081.jpg,PVNS
C:\python\999_cs\Quantum_Inpired_PSO_Classifcation\data\PVNS\Pigmented_Villonodular_Synovitis(PVNS)of_Ankle082.jpg,PVNS
C:\python\999_cs\Quantum_Inpired_PSO_Classifcation\data\PVNS\Pigmented_Villonodular_Synovitis(PVNS)of_Ankle083.jpg,PVNS
C:\python\999_cs\Quantum_Inpired_PSO_Classifcation\data\PVNS\Pigmented_Villonodular_Synovitis(PVNS)of_Ankle084.jpg,PVNS
C:\python\999_cs\Quantum_Inpired_PSO_Classifcation\data\PVNS\Pigmented_Villonodular_Synovitis(PVNS)of_Ankle085.jpg,PVNS
C:\python\999_cs\Quantum_Inpired_PSO_Classifcation\data\PVNS\Pigmented_Villonodular_Synovitis(PVNS)of_Ankle086.jpg,PVNS
C:\python\999_cs\Quantum_Inpired_PSO_Classifcation\data\PVNS\Pigmented_Villonodular_Synovitis(PVNS)of_Ankle087.jpg,PVNS
C:\python\999_cs\Quantum_Inpired_PSO_Classifcation\data\PVNS\Pigmented_Villonodular_Synovitis(PVNS)of_Ankle088.jpg,PVNS
C:\python\999_cs\Quantum_Inpired_PSO_Classifcation\data\PVNS\Pigmented_Villonodular_Synovitis(PVNS)of_Ankle089.jpg,PVNS
C:\python\999_cs\Quantum_Inpired_PSO_Classifcation\data\PVNS\Pigmented_Villonodular_Synovitis(PVNS)of_Ankle090.jpg,PVNS
C:\python\999_cs\Quantum_Inpired_PSO_Classifcation\data\PVNS\Pigmented_Villonodular_Synovitis(PVNS)of_Ankle091.jpg,PVNS
C:\python\999_cs\Quantum_Inpired_PSO_Classifcation\data\PVNS\Pigmented_Villonodular_Synovitis(PVNS)of_Ankle092.jpg,PVNS
C:\python\999_cs\Quantum_Inpired_PSO_Classifcation\data\PVNS\Pigmented_Villonodular_Synovitis(PVNS)of_Ankle093.jpg,PVNS
C:\python\999_cs\Quantum_Inpired_PSO_Classifcation\data\PVNS\Pigmented_Villonodular_Synovitis(PVNS)of_Ankle094.jpg,PVNS
C:\python\999_cs\Quantum_Inpired_PSO_Classifcation\data\PVNS\Pigmented_Villonodular_Synovitis(PVNS)of_Ankle095.jpg,PVNS
C:\python\999_cs\Quantum_Inpired_PSO_Classifcation\data\PVNS\Pigmented_Villonodular_Synovitis(PVNS)of_Ankle096.jpg,PVNS
C:\python\999_cs\Quantum_Inpired_PSO_Classifcation\data\PVNS\Pigmented_Villonodular_Synovitis(PVNS)of_Ankle097.jpg,PVNS
C:\python\999_cs\Quantum_Inpired_PSO_Classifcation\data\PVNS\Pigmented_Villonodular_Synovitis(PVNS)of_Ankle098.jpg,PVNS
C:\python\999_cs\Quantum_Inpired_PSO_Classifcation\data\PVNS\Pigmented_Villonodular_Synovitis(PVNS)of_Ankle099.jpg,PVNS
C:\python\999_cs\Quantum_Inpired_PSO_Classifcation\data\PVNS\Pigmented_Villonodular_Synovitis(PVNS)of_Ankle100.jpg,PVNS
C:\python\999_cs\Quantum_Inpired_PSO_Classifcation\data\PVNS\Pigmented_Villonodular_Synovitis(PVNS)of_Ankle101.jpg,PVNS
C:\python\999_cs\Quantum_Inpired_PSO_Classifcation\data\PVNS\Pigmented_Villonodular_Synovitis(PVNS)of_Ankle102.jpg,PVNS
C:\python\999_cs\Quantum_Inpired_PSO_Classifcation\data\PVNS\Pigmented_Villonodular_Synovitis(PVNS)of_Ankle103.jpg,PVNS
C:\python\999_cs\Quantum_Inpired_PSO_Classifcation\data\PVNS\Pigmented_Villonodular_Synovitis(PVNS)of_Ankle104.jpg,PVNS
C:\python\999_cs\Quantum_Inpired_PSO_Classifcation\data\PVNS\Pigmented_Villonodular_Synovitis(PVNS)of_Ankle105.jpg,PVNS
C:\python\999_cs\Quantum_Inpired_PSO_Classifcation\data\PVNS\Pigmented_Villonodular_Synovitis(PVNS)of_Ankle106.jpg,PVNS
C:\python\999_cs\Quantum_Inpired_PSO_Classifcation\data\PVNS\Pigmented_Villonodular_Synovitis(PVNS)of_Ankle107.jpg,PVNS
C:\python\999_cs\Quantum_Inpired_PSO_Classifcation\data\PVNS\Pigmented_Villonodular_Synovitis(PVNS)of_Ankle108.jpg,PVNS
C:\python\999_cs\Quantum_Inpired_PSO_Classifcation\data\PVNS\Pigmented_Villonodular_Synovitis(PVNS)of_Ankle109.jpg,PVNS
C:\python\999_cs\Quantum_Inpired_PSO_Classifcation\data\PVNS\Pigmented_Villonodular_Synovitis(PVNS)of_Ankle110.jpg,PVNS
C:\python\999_cs\Quantum_Inpired_PSO_Classifcation\data\PVNS\Pigmented_Villonodular_Synovitis(PVNS)of_Ankle111.jpg,PVNS
C:\python\999_cs\Quantum_Inpired_PSO_Classifcation\data\PVNS\Pigmented_Villonodular_Synovitis(PVNS)of_Ankle112.jpg,PVNS
C:\python\999_cs\Quantum_Inpired_PSO_Classifcation\data\PVNS\Pigmented_Villonodular_Synovitis(PVNS)of_Ankle113.jpg,PVNS
C:\python\999_cs\Quantum_Inpired_PSO_Classifcation\data\PVNS\Pigmented_Villonodular_Synovitis(PVNS)of_Ankle114.jpg,PVNS
C:\python\999_cs\Quantum_Inpired_PSO_Classifcation\data\PVNS\Pigmented_Villonodular_Synovitis(PVNS)of_Ankle115.jpg,PVNS
C:\python\999_cs\Quantum_Inpired_PSO_Classifcation\data\PVNS\Pigmented_Villonodular_Synovitis(PVNS)of_Ankle116.jpg,PVNS
C:\python\999_cs\Quantum_Inpired_PSO_Classifcation\data\PVNS\Pigmented_Villonodular_Synovitis(PVNS)of_Ankle117.jpg,PVNS
C:\python\999_cs\Quantum_Inpired_PSO_Classifcation\data\PVNS\Pigmented_Villonodular_Synovitis(PVNS)of_Ankle118.jpg,PVNS
C:\python\999_cs\Quantum_Inpired_PSO_Classifcation\data\PVNS\Pigmented_Villonodular_Synovitis(PVNS)of_Ankle119.jpg,PVNS
C:\python\999_cs\Quantum_Inpired_PSO_Classifcation\data\PVNS\Pigmented_Villonodular_Synovitis(PVNS)of_Ankle120.jpg,PVNS
C:\python\999_cs\Quantum_Inpired_PSO_Classifcation\data\PVNS\Pigmented_Villonodular_Synovitis(PVNS)of_Ankle121.jpg,PVNS
C:\python\999_cs\Quantum_Inpired_PSO_Classifcation\data\PVNS\Pigmented_Villonodular_Synovitis(PVNS)of_Ankle122.jpg,PVNS
C:\python\999_cs\Quantum_Inpired_PSO_Classifcation\data\PVNS\Pigmented_Villonodular_Synovitis(PVNS)of_Ankle123.jpg,PVNS
C:\python\999_cs\Quantum_Inpired_PSO_Classifcation\data\PVNS\Pigmented_Villonodular_Synovitis(PVNS)of_Ankle124.jpg,PVNS
C:\python\999_cs\Quantum_Inpired_PSO_Classifcation\data\PVNS\Pigmented_Villonodular_Synovitis(PVNS)of_Ankle125.jpg,PVNS
C:\python\999_cs\Quantum_Inpired_PSO_Classifcation\data\PVNS\Pigmented_Villonodular_Synovitis(PVNS)of_Ankle126.jpg,PVNS
C:\python\999_cs\Quantum_Inpired_PSO_Classifcation\data\PVNS\Pigmented_Villonodular_Synovitis(PVNS)of_Ankle127.jpg,PVNS
C:\python\999_cs\Quantum_Inpired_PSO_Classifcation\data\PVNS\Pigmented_Villonodular_Synovitis(PVNS)of_Ankle128.jpg,PVNS
C:\python\999_cs\Quantum_Inpired_PSO_Classifcation\data\PVNS\Pigmented_Villonodular_Synovitis(PVNS)of_Ankle129.jpg,PVNS
C:\python\999_cs\Quantum_Inpired_PSO_Classifcation\data\PVNS\Pigmented_Villonodular_Synovitis(PVNS)of_Ankle130.jpg,PVNS
C:\python\999_cs\Quantum_Inpired_PSO_Classifcation\data\PVNS\Pigmented_Villonodular_Synovitis(PVNS)of_Ankle131.jpg,PVNS
C:\python\999_cs\Quantum_Inpired_PSO_Classifcation\data\PVNS\Pigmented_Villonodular_Synovitis(PVNS)of_Ankle132.jpg,PVNS
C:\python\999_cs\Quantum_Inpired_PSO_Classifcation\data\PVNS\Pigmented_Villonodular_Synovitis(PVNS)of_Ankle133.jpg,PVNS
C:\python\999_cs\Quantum_Inpired_PSO_Classifcation\data\PVNS\Pigmented_Villonodular_Synovitis(PVNS)of_Ankle134.jpg,PVNS
C:\python\999_cs\Quantum_Inpired_PSO_Classifcation\data\PVNS\Pigmented_Villonodular_Synovitis(PVNS)of_Ankle135.jpg,PVNS
C:\python\999_cs\Quantum_Inpired_PSO_Classifcation\data\PVNS\Pigmented_Villonodular_Synovitis(PVNS)of_Ankle136.jpg,PVNS
C:\python\999_cs\Quantum_Inpired_PSO_Classifcation\data\PVNS\Pigmented_Villonodular_Synovitis(PVNS)of_Ankle137.jpg,PVNS
C:\python\999_cs\Quantum_Inpired_PSO_Classifcation\data\PVNS\Pigmented_Villonodular_Synovitis(PVNS)of_Ankle138.jpg,PVNS
C:\python\999_cs\Quantum_Inpired_PSO_Classifcation\data\PVNS\Pigmented_Villonodular_Synovitis(PVNS)of_Ankle139.jpg,PVNS
C:\python\999_cs\Quantum_Inpired_PSO_Classifcation\data\PVNS\Pigmented_Villonodular_Synovitis(PVNS)of_Ankle140.jpg,PVNS
C:\python\999_cs\Quantum_Inpired_PSO_Classifcation\data\PVNS\Pigmented_Villonodular_Synovitis(PVNS)of_Ankle141.jpg,PVNS
C:\python\999_cs\Quantum_Inpired_PSO_Classifcation\data\PVNS\Pigmented_Villonodular_Synovitis(PVNS)of_Ankle142.jpg,PVNS
C:\python\999_cs\Quantum_Inpired_PSO_Classifcation\data\PVNS\Pigmented_Villonodular_Synovitis(PVNS)of_Ankle143.jpg,PVNS
C:\python\999_cs\Quantum_Inpired_PSO_Classifcation\data\PVNS\Pigmented_Villonodular_Synovitis(PVNS)of_Ankle144.jpg,PVNS
C:\python\999_cs\Quantum_Inpired_PSO_Classifcation\data\PVNS\Pigmented_Villonodular_Synovitis(PVNS)of_Ankle145.jpg,PVNS
C:\python\999_cs\Quantum_Inpired_PSO_Classifcation\data\PVNS\Pigmented_Villonodular_Synovitis(PVNS)of_Ankle146.jpg,PVNS
C:\python\999_cs\Quantum_Inpired_PSO_Classifcation\data\PVNS\Pigmented_Villonodular_Synovitis(PVNS)of_Ankle147.jpg,PVNS
C:\python\999_cs\Quantum_Inpired_PSO_Classifcation\data\PVNS\Pigmented_Villonodular_Synovitis(PVNS)of_Ankle148.jpg,PVNS
C:\python\999_cs\Quantum_Inpired_PSO_Classifcation\data\PVNS\Pigmented_Villonodular_Synovitis(PVNS)of_Ankle149.jpg,PVNS
C:\python\999_cs\Quantum_Inpired_PSO_Classifcation\data\PVNS\Pigmented_Villonodular_Synovitis(PVNS)of_Ankle150.jpg,PVNS
C:\python\999_cs\Quantum_Inpired_PSO_Classifcation\data\PVNS\Pigmented_Villonodular_Synovitis(PVNS)of_Ankle151.jpg,PVNS
C:\python\999_cs\Quantum_Inpired_PSO_Classifcation\data\PVNS\Pigmented_Villonodular_Synovitis(PVNS)of_Ankle152.jpg,PVNS
C:\python\999_cs\Quantum_Inpired_PSO_Classifcation\data\PVNS\Pigmented_Villonodular_Synovitis(PVNS)of_Ankle153.jpg,PVNS
C:\python\999_cs\Quantum_Inpired_PSO_Classifcation\data\PVNS\Pigmented_Villonodular_Synovitis(PVNS)of_Ankle154.jpg,PVNS
C:\python\999_cs\Quantum_Inpired_PSO_Classifcation\data\PVNS\Pigmented_Villonodular_Synovitis(PVNS)of_Ankle155.jpg,PVNS
C:\python\999_cs\Quantum_Inpired_PSO_Classifcation\data\PVNS\Pigmented_Villonodular_Synovitis(PVNS)of_Ankle156.jpg,PVNS
C:\python\999_cs\Quantum_Inpired_PSO_Classifcation\data\PVNS\Pigmented_Villonodular_Synovitis(PVNS)of_Ankle157.jpg,PVNS
C:\python\999_cs\Quantum_Inpired_PSO_Classifcation\data\PVNS\Pigmented_Villonodular_Synovitis(PVNS)of_Ankle158.jpg,PVNS
C:\python\999_cs\Quantum_Inpired_PSO_Classifcation\data\PVNS\Pigmented_Villonodular_Synovitis(PVNS)of_Ankle159.jpg,PVNS
C:\python\999_cs\Quantum_Inpired_PSO_Classifcation\data\PVNS\Pigmented_Villonodular_Synovitis(PVNS)of_Ankle160.jpg,PVNS
C:\python\999_cs\Quantum_Inpired_PSO_Classifcation\data\PVNS\Pigmented_Villonodular_Synovitis(PVNS)of_Ankle161.jpg,PVNS
C:\python\999_cs\Quantum_Inpired_PSO_Classifcation\data\PVNS\Pigmented_Villonodular_Synovitis(PVNS)of_Ankle162.jpg,PVNS
C:\python\999_cs\Quantum_Inpired_PSO_Classifcation\data\PVNS\Pigmented_Villonodular_Synovitis(PVNS)of_Ankle163.jpg,PVNS
C:\python\999_cs\Quantum_Inpired_PSO_Classifcation\data\PVNS\Pigmented_Villonodular_Synovitis(PVNS)of_Ankle164.jpg,PVNS
C:\python\999_cs\Quantum_Inpired_PSO_Classifcation\data\PVNS\Pigmented_Villonodular_Synovitis(PVNS)of_Ankle165.jpg,PVNS
C:\python\999_cs\Quantum_Inpired_PSO_Classifcation\data\PVNS\Pigmented_Villonodular_Synovitis(PVNS)of_Ankle166.jpg,PVNS
C:\python\999_cs\Quantum_Inpired_PSO_Classifcation\data\PVNS\Pigmented_Villonodular_Synovitis(PVNS)of_Ankle167.jpg,PVNS
C:\python\999_cs\Quantum_Inpired_PSO_Classifcation\data\PVNS\Pigmented_Villonodular_Synovitis(PVNS)of_Ankle168.jpg,PVNS
C:\python\999_cs\Quantum_Inpired_PSO_Classifcation\data\PVNS\Pigmented_Villonodular_Synovitis(PVNS)of_Ankle169.jpg,PVNS
C:\python\999_cs\Quantum_Inpired_PSO_Classifcation\data\PVNS\Pigmented_Villonodular_Synovitis(PVNS)of_Ankle170.jpg,PVNS
C:\python\999_cs\Quantum_Inpired_PSO_Classifcation\data\PVNS\Pigmented_Villonodular_Synovitis(PVNS)of_Ankle171.jpg,PVNS
C:\python\999_cs\Quantum_Inpired_PSO_Classifcation\data\PVNS\Pigmented_Villonodular_Synovitis(PVNS)of_Ankle172.jpg,PVNS
C:\python\999_cs\Quantum_Inpired_PSO_Classifcation\data\PVNS\Pigmented_Villonodular_Synovitis(PVNS)of_Ankle173.jpg,PVNS
C:\python\999_cs\Quantum_Inpired_PSO_Classifcation\data\PVNS\Pigmented_Villonodular_Synovitis(PVNS)of_Ankle174.jpg,PVNS
C:\python\999_cs\Quantum_Inpired_PSO_Classifcation\data\PVNS\Pigmented_Villonodular_Synovitis(PVNS)of_Ankle175.jpg,PVNS
C:\python\999_cs\Quantum_Inpired_PSO_Classifcation\data\PVNS\Pigmented_Villonodular_Synovitis(PVNS)of_Ankle176.jpg,PVNS
C:\python\999_cs\Quantum_Inpired_PSO_Classifcation\data\PVNS\Pigmented_Villonodular_Synovitis(PVNS)of_Ankle177.jpg,PVNS
C:\python\999_cs\Quantum_Inpired_PSO_Classifcation\data\PVNS\Pigmented_Villonodular_Synovitis(PVNS)of_Ankle178.jpg,PVNS
C:\python\999_cs\Quantum_Inpired_PSO_Classifcation\data\PVNS\Pigmented_Villonodular_Synovitis(PVNS)of_Ankle179.jpg,PVNS
C:\python\999_cs\Quantum_Inpired_PSO_Classifcation\data\PVNS\Pigmented_Villonodular_Synovitis(PVNS)of_Ankle180.jpg,PVNS
C:\python\999_cs\Quantum_Inpired_PSO_Classifcation\data\PVNS\Pigmented_Villonodular_Synovitis(PVNS)of_Ankle181.jpg,PVNS
C:\python\999_cs\Quantum_Inpired_PSO_Classifcation\data\PVNS\Pigmented_Villonodular_Synovitis(PVNS)of_Ankle182.jpg,PVNS
C:\python\999_cs\Quantum_Inpired_PSO_Classifcation\data\PVNS\Pigmented_Villonodular_Synovitis(PVNS)of_Ankle183.jpg,PVNS
C:\python\999_cs\Quantum_Inpired_PSO_Classifcation\data\PVNS\Pigmented_Villonodular_Synovitis(PVNS)of_Ankle184.jpg,PVNS
C:\python\999_cs\Quantum_Inpired_PSO_Classifcation\data\PVNS\Pigmented_Villonodular_Synovitis(PVNS)of_Ankle185.jpg,PVNS
C:\python\999_cs\Quantum_Inpired_PSO_Classifcation\data\PVNS\Pigmented_Villonodular_Synovitis(PVNS)of_Ankle186.jpg,PVNS
C:\python\999_cs\Quantum_Inpired_PSO_Classifcation\data\PVNS\Pigmented_Villonodular_Synovitis(PVNS)of_Ankle187.jpg,PVNS
C:\python\999_cs\Quantum_Inpired_PSO_Classifcation\data\PVNS\Pigmented_Villonodular_Synovitis(PVNS)of_Ankle188.jpg,PVNS
C:\python\999_cs\Quantum_Inpired_PSO_Classifcation\data\PVNS\Pigmented_Villonodular_Synovitis(PVNS)of_Ankle189.jpg,PVNS
C:\python\999_cs\Quantum_Inpired_PSO_Classifcation\data\PVNS\Pigmented_Villonodular_Synovitis(PVNS)of_Ankle190.jpg,PVNS
C:\python\999_cs\Quantum_Inpired_PSO_Classifcation\data\PVNS\Pigmented_Villonodular_Synovitis(PVNS)of_Ankle191.jpg,PVNS
C:\python\999_cs\Quantum_Inpired_PSO_Classifcation\data\PVNS\Pigmented_Villonodular_Synovitis(PVNS)of_Ankle192.jpg,PVNS
C:\python\999_cs\Quantum_Inpired_PSO_Classifcation\data\PVNS\Pigmented_Villonodular_Synovitis(PVNS)of_Ankle193.jpg,PVNS
C:\python\999_cs\Quantum_Inpired_PSO_Classifcation\data\PVNS\Pigmented_Villonodular_Synovitis(PVNS)of_Ankle194.jpg,PVNS
C:\python\999_cs\Quantum_Inpired_PSO_Classifcation\data\PVNS\Pigmented_Villonodular_Synovitis(PVNS)of_Ankle195.jpg,PVNS
C:\python\999_cs\Quantum_Inpired_PSO_Classifcation\data\PVNS\Pigmented_Villonodular_Synovitis(PVNS)of_Ankle196.jpg,PVNS
C:\python\999_cs\Quantum_Inpired_PSO_Classifcation\data\PVNS\Pigmented_Villonodular_Synovitis(PVNS)of_Ankle197.jpg,PVNS
C:\python\999_cs\Quantum_Inpired_PSO_Classifcation\data\PVNS\Pigmented_Villonodular_Synovitis(PVNS)of_Ankle198.jpg,PVNS
C:\python\999_cs\Quantum_Inpired_PSO_Classifcation\data\PVNS\Pigmented_Villonodular_Synovitis(PVNS)of_Ankle199.jpg,PVNS
C:\python\999_cs\Quantum_Inpired_PSO_Classifcation\data\PVNS\Pigmented_Villonodular_Synovitis(PVNS)of_Ankle200.jpg,PVNS
C:\python\999_cs\Quantum_Inpired_PSO_Classifcation\data\PVNS\Pigmented_Villonodular_Synovitis(PVNS)of_Ankle201.jpg,PVNS
C:\python\999_cs\Quantum_Inpired_PSO_Classifcation\data\PVNS\Pigmented_Villonodular_Synovitis(PVNS)of_Ankle202.jpg,PVNS
C:\python\999_cs\Quantum_Inpired_PSO_Classifcation\data\PVNS\Pigmented_Villonodular_Synovitis(PVNS)of_Ankle203.jpg,PVNS
C:\python\999_cs\Quantum_Inpired_PSO_Classifcation\data\PVNS\Pigmented_Villonodular_Synovitis(PVNS)of_Ankle204.jpg,PVNS
C:\python\999_cs\Quantum_Inpired_PSO_Classifcation\data\PVNS\Pigmented_Villonodular_Synovitis(PVNS)of_Ankle205.jpg,PVNS
C:\python\999_cs\Quantum_Inpired_PSO_Classifcation\data\PVNS\Pigmented_Villonodular_Synovitis(PVNS)of_Ankle206.jpg,PVNS
C:\python\999_cs\Quantum_Inpired_PSO_Classifcation\data\PVNS\Pigmented_Villonodular_Synovitis(PVNS)of_Ankle207.jpg,PVNS
C:\python\999_cs\Quantum_Inpired_PSO_Classifcation\data\PVNS\Pigmented_Villonodular_Synovitis(PVNS)of_Ankle208.jpg,PVNS
C:\python\999_cs\Quantum_Inpired_PSO_Classifcation\data\PVNS\Pigmented_Villonodular_Synovitis(PVNS)of_Ankle209.jpg,PVNS
C:\python\999_cs\Quantum_Inpired_PSO_Classifcation\data\PVNS\Pigmented_Villonodular_Synovitis(PVNS)of_Ankle210.jpg,PVNS
C:\python\999_cs\Quantum_Inpired_PSO_Classifcation\data\PVNS\Pigmented_Villonodular_Synovitis(PVNS)of_Ankle211.jpg,PVNS
C:\python\999_cs\Quantum_Inpired_PSO_Classifcation\data\PVNS\Pigmented_Villonodular_Synovitis(PVNS)of_Ankle212.jpg,PVNS
C:\python\999_cs\Quantum_Inpired_PSO_Classifcation\data\PVNS\Pigmented_Villonodular_Synovitis(PVNS)of_Ankle213.jpg,PVNS
C:\python\999_cs\Quantum_Inpired_PSO_Classifcation\data\PVNS\Pigmented_Villonodular_Synovitis(PVNS)of_Ankle214.jpg,PVNS
C:\python\999_cs\Quantum_Inpired_PSO_Classifcation\data\PVNS\Pigmented_Villonodular_Synovitis(PVNS)of_Ankle215.jpg,PVNS
C:\python\999_cs\Quantum_Inpired_PSO_Classifcation\data\PVNS\Pigmented_Villonodular_Synovitis(PVNS)of_Ankle216.jpg,PVNS
C:\python\999_cs\Quantum_Inpired_PSO_Classifcation\data\PVNS\Pigmented_Villonodular_Synovitis(PVNS)of_Ankle217.jpg,PVNS
C:\python\999_cs\Quantum_Inpired_PSO_Classifcation\data\PVNS\Pigmented_Villonodular_Synovitis(PVNS)of_Ankle218.jpg,PVNS
C:\python\999_cs\Quantum_Inpired_PSO_Classifcation\data\PVNS\Pigmented_Villonodular_Synovitis(PVNS)of_Ankle219.jpg,PVNS
C:\python\999_cs\Quantum_Inpired_PSO_Classifcation\data\PVNS\Pigmented_Villonodular_Synovitis(PVNS)of_Ankle220.jpg,PVNS
C:\python\999_cs\Quantum_Inpired_PSO_Classifcation\data\PVNS\Pigmented_Villonodular_Synovitis(PVNS)of_Ankle221.jpg,PVNS
C:\python\999_cs\Quantum_Inpired_PSO_Classifcation\data\PVNS\Pigmented_Villonodular_Synovitis(PVNS)of_Ankle222.jpg,PVNS
C:\python\999_cs\Quantum_Inpired_PSO_Classifcation\data\PVNS\Pigmented_Villonodular_Synovitis(PVNS)of_Ankle223.jpg,PVNS
C:\python\999_cs\Quantum_Inpired_PSO_Classifcation\data\PVNS\Pigmented_Villonodular_Synovitis(PVNS)of_Ankle224.jpg,PVNS
C:\python\999_cs\Quantum_Inpired_PSO_Classifcation\data\PVNS\Pigmented_Villonodular_Synovitis(PVNS)of_Ankle225.jpg,PVNS
C:\python\999_cs\Quantum_Inpired_PSO_Classifcation\data\PVNS\Pigmented_Villonodular_Synovitis(PVNS)of_Ankle226.jpg,PVNS
C:\python\999_cs\Quantum_Inpired_PSO_Classifcation\data\PVNS\Pigmented_Villonodular_Synovitis(PVNS)of_Ankle227.jpg,PVNS
C:\python\999_cs\Quantum_Inpired_PSO_Classifcation\data\PVNS\Pigmented_Villonodular_Synovitis(PVNS)of_Ankle228.jpg,PVNS
C:\python\999_cs\Quantum_Inpired_PSO_Classifcation\data\PVNS\Pigmented_Villonodular_Synovitis(PVNS)of_Ankle229.jpg,PVNS
C:\python\999_cs\Quantum_Inpired_PSO_Classifcation\data\PVNS\Pigmented_Villonodular_Synovitis(PVNS)of_Ankle230.jpg,PVNS
C:\python\999_cs\Quantum_Inpired_PSO_Classifcation\data\PVNS\Pigmented_Villonodular_Synovitis(PVNS)of_Ankle231.jpg,PVNS
C:\python\999_cs\Quantum_Inpired_PSO_Classifcation\data\PVNS\Pigmented_Villonodular_Synovitis(PVNS)of_Ankle232.jpg,PVNS
C:\python\999_cs\Quantum_Inpired_PSO_Classifcation\data\PVNS\Pigmented_Villonodular_Synovitis(PVNS)of_Ankle233.jpg,PVNS
C:\python\999_cs\Quantum_Inpired_PSO_Classifcation\data\PVNS\Pigmented_Villonodular_Synovitis(PVNS)of_Ankle234.jpg,PVNS
C:\python\999_cs\Quantum_Inpired_PSO_Classifcation\data\PVNS\Pigmented_Villonodular_Synovitis(PVNS)of_Ankle235.jpg,PVNS
C:\python\999_cs\Quantum_Inpired_PSO_Classifcation\data\PVNS\Pigmented_Villonodular_Synovitis(PVNS)of_Ankle236.jpg,PVNS
C:\python\999_cs\Quantum_Inpired_PSO_Classifcation\data\PVNS\Pigmented_Villonodular_Synovitis(PVNS)of_Ankle237.jpg,PVNS
C:\python\999_cs\Quantum_Inpired_PSO_Classifcation\data\PVNS\Pigmented_Villonodular_Synovitis(PVNS)of_Ankle238.jpg,PVNS
C:\python\999_cs\Quantum_Inpired_PSO_Classifcation\data\PVNS\Pigmented_Villonodular_Synovitis(PVNS)of_Ankle239.jpg,PVNS
C:\python\999_cs\Quantum_Inpired_PSO_Classifcation\data\PVNS\Pigmented_Villonodular_Synovitis(PVNS)of_Ankle240.jpg,PVNS
C:\python\999_cs\Quantum_Inpired_PSO_Classifcation\data\PVNS\Pigmented_Villonodular_Synovitis(PVNS)of_Ankle241.jpg,PVNS
C:\python\999_cs\Quantum_Inpired_PSO_Classifcation\data\PVNS\Pigmented_Villonodular_Synovitis(PVNS)of_Ankle242.jpg,PVNS
C:\python\999_cs\Quantum_Inpired_PSO_Classifcation\data\PVNS\Pigmented_Villonodular_Synovitis(PVNS)of_Ankle243.jpg,PVNS
C:\python\999_cs\Quantum_Inpired_PSO_Classifcation\data\PVNS\Pigmented_Villonodular_Synovitis(PVNS)of_Ankle244.jpg,PVNS
C:\python\999_cs\Quantum_Inpired_PSO_Classifcation\data\PVNS\Pigmented_Villonodular_Synovitis(PVNS)of_Ankle245.jpg,PVNS
C:\python\999_cs\Quantum_Inpired_PSO_Classifcation\data\PVNS\Pigmented_Villonodular_Synovitis(PVNS)of_Ankle246.jpg,PVNS
C:\python\999_cs\Quantum_Inpired_PSO_Classifcation\data\PVNS\Pigmented_Villonodular_Synovitis(PVNS)of_Ankle247.jpg,PVNS
C:\python\999_cs\Quantum_Inpired_PSO_Classifcation\data\PVNS\Pigmented_Villonodular_Synovitis(PVNS)of_Ankle248.jpg,PVNS
C:\python\999_cs\Quantum_Inpired_PSO_Classifcation\data\PVNS\Pigmented_Villonodular_Synovitis(PVNS)of_Ankle249.jpg,PVNS
C:\python\999_cs\Quantum_Inpired_PSO_Classifcation\data\PVNS\Pigmented_Villonodular_Synovitis(PVNS)of_Ankle250.jpg,PVNS
C:\python\999_cs\Quantum_Inpired_PSO_Classifcation\data\PVNS\Pigmented_Villonodular_Synovitis(PVNS)of_Ankle251.jpg,PVNS
C:\python\999_cs\Quantum_Inpired_PSO_Classifcation\data\PVNS\Pigmented_Villonodular_Synovitis(PVNS)of_Ankle252.jpg,PVNS
C:\python\999_cs\Quantum_Inpired_PSO_Classifcation\data\PVNS\Pigmented_Villonodular_Synovitis(PVNS)of_Ankle253.jpg,PVNS
C:\python\999_cs\Quantum_Inpired_PSO_Classifcation\data\PVNS\Pigmented_Villonodular_Synovitis(PVNS)of_Ankle254.jpg,PVNS
C:\python\999_cs\Quantum_Inpired_PSO_Classifcation\data\PVNS\Pigmented_Villonodular_Synovitis(PVNS)of_Ankle255.jpg,PVNS
C:\python\999_cs\Quantum_Inpired_PSO_Classifcation\data\PVNS\Pigmented_Villonodular_Synovitis(PVNS)of_Ankle256.jpg,PVNS
C:\python\999_cs\Quantum_Inpired_PSO_Classifcation\data\PVNS\Pigmented_Villonodular_Synovitis(PVNS)of_Ankle257.jpg,PVNS
C:\python\999_cs\Quantum_Inpired_PSO_Classifcation\data\PVNS\Pigmented_Villonodular_Synovitis(PVNS)of_Ankle258.jpg,PVNS
C:\python\999_cs\Quantum_Inpired_PSO_Classifcation\data\PVNS\Pigmented_Villonodular_Synovitis(PVNS)of_Ankle259.jpg,PVNS
C:\python\999_cs\Quantum_Inpired_PSO_Classifcation\data\PVNS\Pigmented_Villonodular_Synovitis(PVNS)of_Ankle260.jpg,PVNS
C:\python\999_cs\Quantum_Inpired_PSO_Classifcation\data\PVNS\Pigmented_Villonodular_Synovitis(PVNS)of_Ankle261.jpg,PVNS
C:\python\999_cs\Quantum_Inpired_PSO_Classifcation\data\PVNS\Pigmented_Villonodular_Synovitis(PVNS)of_Ankle262.jpg,PVNS
C:\python\999_cs\Quantum_Inpired_PSO_Classifcation\data\PVNS\Pigmented_Villonodular_Synovitis(PVNS)of_Ankle263.jpg,PVNS
C:\python\999_cs\Quantum_Inpired_PSO_Classifcation\data\PVNS\Pigmented_Villonodular_Synovitis(PVNS)of_Ankle264.jpg,PVNS
C:\python\999_cs\Quantum_Inpired_PSO_Classifcation\data\PVNS\Pigmented_Villonodular_Synovitis(PVNS)of_Ankle265.jpg,PVNS
C:\python\999_cs\Quantum_Inpired_PSO_Classifcation\data\PVNS\Pigmented_Villonodular_Synovitis(PVNS)of_Ankle266.jpg,PVNS
C:\python\999_cs\Quantum_Inpired_PSO_Classifcation\data\PVNS\Pigmented_Villonodular_Synovitis(PVNS)of_Ankle267.jpg,PVNS
C:\python\999_cs\Quantum_Inpired_PSO_Classifcation\data\PVNS\Pigmented_Villonodular_Synovitis(PVNS)of_Ankle268.jpg,PVNS
C:\python\999_cs\Quantum_Inpired_PSO_Classifcation\data\PVNS\Pigmented_Villonodular_Synovitis(PVNS)of_Ankle269.jpg,PVNS
C:\python\999_cs\Quantum_Inpired_PSO_Classifcation\data\PVNS\Pigmented_Villonodular_Synovitis(PVNS)of_Ankle270.jpg,PVNS
C:\python\999_cs\Quantum_Inpired_PSO_Classifcation\data\PVNS\Pigmented_Villonodular_Synovitis(PVNS)of_Ankle271.jpg,PVNS
C:\python\999_cs\Quantum_Inpired_PSO_Classifcation\data\PVNS\Pigmented_Villonodular_Synovitis(PVNS)of_Ankle272.jpg,PVNS
C:\python\999_cs\Quantum_Inpired_PSO_Classifcation\data\PVNS\Pigmented_Villonodular_Synovitis(PVNS)of_Ankle273.jpg,PVNS
C:\python\999_cs\Quantum_Inpired_PSO_Classifcation\data\PVNS\Pigmented_Villonodular_Synovitis(PVNS)of_Ankle274.jpg,PVNS
C:\python\999_cs\Quantum_Inpired_PSO_Classifcation\data\PVNS\Pigmented_Villonodular_Synovitis(PVNS)of_Ankle275.jpg,PVNS
C:\python\999_cs\Quantum_Inpired_PSO_Classifcation\data\PVNS\Pigmented_Villonodular_Synovitis(PVNS)of_Ankle276.jpg,PVNS
C:\python\999_cs\Quantum_Inpired_PSO_Classifcation\data\PVNS\Pigmented_Villonodular_Synovitis(PVNS)of_Ankle277.jpg,PVNS
C:\python\999_cs\Quantum_Inpired_PSO_Classifcation\data\PVNS\Pigmented_Villonodular_Synovitis(PVNS)of_Ankle278.jpg,PVNS
C:\python\999_cs\Quantum_Inpired_PSO_Classifcation\data\PVNS\Pigmented_Villonodular_Synovitis(PVNS)of_Ankle279.jpg,PVNS
C:\python\999_cs\Quantum_Inpired_PSO_Classifcation\data\PVNS\Pigmented_Villonodular_Synovitis(PVNS)of_Ankle280.jpg,PVNS
C:\python\999_cs\Quantum_Inpired_PSO_Classifcation\data\PVNS\Pigmented_Villonodular_Synovitis(PVNS)of_Ankle281.jpg,PVNS
C:\python\999_cs\Quantum_Inpired_PSO_Classifcation\data\PVNS\Pigmented_Villonodular_Synovitis(PVNS)of_Ankle282.jpg,PVNS
C:\python\999_cs\Quantum_Inpired_PSO_Classifcation\data\PVNS\Pigmented_Villonodular_Synovitis(PVNS)of_Ankle283.jpg,PVNS
C:\python\999_cs\Quantum_Inpired_PSO_Classifcation\data\PVNS\Pigmented_Villonodular_Synovitis(PVNS)of_Ankle284.jpg,PVNS
C:\python\999_cs\Quantum_Inpired_PSO_Classifcation\data\PVNS\Pigmented_Villonodular_Synovitis(PVNS)of_Ankle285.jpg,PVNS
C:\python\999_cs\Quantum_Inpired_PSO_Classifcation\data\PVNS\Pigmented_Villonodular_Synovitis(PVNS)of_Ankle286.jpg,PVNS
C:\python\999_cs\Quantum_Inpired_PSO_Classifcation\data\PVNS\Pigmented_Villonodular_Synovitis(PVNS)of_Ankle287.jpg,PVNS
C:\python\999_cs\Quantum_Inpired_PSO_Classifcation\data\PVNS\Pigmented_Villonodular_Synovitis(PVNS)of_Ankle288.jpg,PVNS
C:\python\999_cs\Quantum_Inpired_PSO_Classifcation\data\PVNS\Pigmented_Villonodular_Synovitis(PVNS)of_Ankle289.jpg,PVNS
C:\python\999_cs\Quantum_Inpired_PSO_Classifcation\data\PVNS\Pigmented_Villonodular_Synovitis(PVNS)of_Ankle290.jpg,PVNS
C:\python\999_cs\Quantum_Inpired_PSO_Classifcation\data\PVNS\Pigmented_Villonodular_Synovitis(PVNS)of_Ankle291.jpg,PVNS
C:\python\999_cs\Quantum_Inpired_PSO_Classifcation\data\PVNS\Pigmented_Villonodular_Synovitis(PVNS)of_Ankle292.jpg,PVNS
C:\python\999_cs\Quantum_Inpired_PSO_Classifcation\data\PVNS\Pigmented_Villonodular_Synovitis(PVNS)of_Ankle293.jpg,PVNS
C:\python\999_cs\Quantum_Inpired_PSO_Classifcation\data\PVNS\Pigmented_Villonodular_Synovitis(PVNS)of_Ankle294.jpg,PVNS
C:\python\999_cs\Quantum_Inpired_PSO_Classifcation\data\PVNS\Pigmented_Villonodular_Synovitis(PVNS)of_Ankle295.jpg,PVNS
C:\python\999_cs\Quantum_Inpired_PSO_Classifcation\data\PVNS\Pigmented_Villonodular_Synovitis(PVNS)of_Ankle296.jpg,PVNS
C:\python\999_cs\Quantum_Inpired_PSO_Classifcation\data\PVNS\Pigmented_Villonodular_Synovitis(PVNS)of_Ankle297.jpg,PVNS
C:\python\999_cs\Quantum_Inpired_PSO_Classifcation\data\PVNS\Pigmented_Villonodular_Synovitis(PVNS)of_Ankle298.jpg,PVNS
C:\python\999_cs\Quantum_Inpired_PSO_Classifcation\data\PVNS\Pigmented_Villonodular_Synovitis(PVNS)of_Ankle299.jpg,PVNS
C:\python\999_cs\Quantum_Inpired_PSO_Classifcation\data\PVNS\Pigmented_Villonodular_Synovitis(PVNS)of_Ankle300.jpg,PVNS
C:\python\999_cs\Quantum_Inpired_PSO_Classifcation\data\PVNS\Pigmented_Villonodular_Synovitis(PVNS)of_Ankle301.jpg,PVNS
C:\python\999_cs\Quantum_Inpired_PSO_Classifcation\data\PVNS\Pigmented_Villonodular_Synovitis(PVNS)of_Ankle302.jpg,PVNS
C:\python\999_cs\Quantum_Inpired_PSO_Classifcation\data\PVNS\Pigmented_Villonodular_Synovitis(PVNS)of_Ankle303.jpg,PVNS
C:\python\999_cs\Quantum_Inpired_PSO_Classifcation\data\PVNS\Pigmented_Villonodular_Synovitis(PVNS)of_Ankle304.jpg,PVNS
C:\python\999_cs\Quantum_Inpired_PSO_Classifcation\data\PVNS\Pigmented_Villonodular_Synovitis(PVNS)of_Ankle305.jpg,PVNS
C:\python\999_cs\Quantum_Inpired_PSO_Classifcation\data\PVNS\Pigmented_Villonodular_Synovitis(PVNS)of_Ankle306.jpg,PVNS
C:\python\999_cs\Quantum_Inpired_PSO_Classifcation\data\PVNS\Pigmented_Villonodular_Synovitis(PVNS)of_Ankle307.jpg,PVNS
C:\python\999_cs\Quantum_Inpired_PSO_Classifcation\data\PVNS\Pigmented_Villonodular_Synovitis(PVNS)of_Ankle308.jpg,PVNS
C:\python\999_cs\Quantum_Inpired_PSO_Classifcation\data\PVNS\Pigmented_Villonodular_Synovitis(PVNS)of_Ankle309.jpg,PVNS
C:\python\999_cs\Quantum_Inpired_PSO_Classifcation\data\PVNS\Pigmented_Villonodular_Synovitis(PVNS)of_Ankle310.jpg,PVNS
C:\python\999_cs\Quantum_Inpired_PSO_Classifcation\data\PVNS\Pigmented_Villonodular_Synovitis(PVNS)of_Ankle311.jpg,PVNS
C:\python\999_cs\Quantum_Inpired_PSO_Classifcation\data\PVNS\Pigmented_Villonodular_Synovitis(PVNS)of_Ankle312.jpg,PVNS
C:\python\999_cs\Quantum_Inpired_PSO_Classifcation\data\PVNS\Pigmented_Villonodular_Synovitis(PVNS)of_Ankle313.jpg,PVNS
C:\python\999_cs\Quantum_Inpired_PSO_Classifcation\data\PVNS\Pigmented_Villonodular_Synovitis(PVNS)of_Ankle314.jpg,PVNS
C:\python\999_cs\Quantum_Inpired_PSO_Classifcation\data\PVNS\Pigmented_Villonodular_Synovitis(PVNS)of_Ankle315.jpg,PVNS
C:\python\999_cs\Quantum_Inpired_PSO_Classifcation\data\PVNS\Pigmented_Villonodular_Synovitis(PVNS)of_Ankle316.jpg,PVNS
C:\python\999_cs\Quantum_Inpired_PSO_Classifcation\data\PVNS\Pigmented_Villonodular_Synovitis(PVNS)of_Ankle317.jpg,PVNS
C:\python\999_cs\Quantum_Inpired_PSO_Classifcation\data\PVNS\Pigmented_Villonodular_Synovitis(PVNS)of_Ankle318.jpg,PVNS
C:\python\999_cs\Quantum_Inpired_PSO_Classifcation\data\PVNS\Pigmented_Villonodular_Synovitis(PVNS)of_Ankle319.jpg,PVNS
C:\python\999_cs\Quantum_Inpired_PSO_Classifcation\data\PVNS\Pigmented_Villonodular_Synovitis(PVNS)of_Ankle320.jpg,PVNS
C:\python\999_cs\Quantum_Inpired_PSO_Classifcation\data\PVNS\Pigmented_Villonodular_Synovitis(PVNS)of_Ankle321.jpg,PVNS
C:\python\999_cs\Quantum_Inpired_PSO_Classifcation\data\PVNS\Pigmented_Villonodular_Synovitis(PVNS)of_Ankle322.jpg,PVNS
C:\python\999_cs\Quantum_Inpired_PSO_Classifcation\data\PVNS\Pigmented_Villonodular_Synovitis(PVNS)of_Ankle323.jpg,PVNS
C:\python\999_cs\Quantum_Inpired_PSO_Classifcation\data\PVNS\Pigmented_Villonodular_Synovitis(PVNS)of_Ankle324.jpg,PVNS
C:\python\999_cs\Quantum_Inpired_PSO_Classifcation\data\PVNS\Pigmented_Villonodular_Synovitis(PVNS)of_Ankle325.jpg,PVNS
C:\python\999_cs\Quantum_Inpired_PSO_Classifcation\data\PVNS\Pigmented_Villonodular_Synovitis(PVNS)of_Ankle326.jpg,PVNS
C:\python\999_cs\Quantum_Inpired_PSO_Classifcation\data\PVNS\Pigmented_Villonodular_Synovitis(PVNS)of_Ankle327.jpg,PVNS
C:\python\999_cs\Quantum_Inpired_PSO_Classifcation\data\PVNS\Pigmented_Villonodular_Synovitis(PVNS)of_Ankle328.jpg,PVNS
C:\python\999_cs\Quantum_Inpired_PSO_Classifcation\data\PVNS\Pigmented_Villonodular_Synovitis(PVNS)of_Ankle329.jpg,PVNS
C:\python\999_cs\Quantum_Inpired_PSO_Classifcation\data\PVNS\Pigmented_Villonodular_Synovitis(PVNS)of_Ankle330.jpg,PVNS
C:\python\999_cs\Quantum_Inpired_PSO_Classifcation\data\PVNS\Pigmented_Villonodular_Synovitis(PVNS)of_Ankle331.jpg,PVNS
C:\python\999_cs\Quantum_Inpired_PSO_Classifcation\data\PVNS\Pigmented_Villonodular_Synovitis(PVNS)of_Ankle332.jpg,PVNS
C:\python\999_cs\Quantum_Inpired_PSO_Classifcation\data\PVNS\Pigmented_Villonodular_Synovitis(PVNS)of_Ankle333.jpg,PVNS
C:\python\999_cs\Quantum_Inpired_PSO_Classifcation\data\PVNS\Pigmented_Villonodular_Synovitis(PVNS)of_Ankle334.jpg,PVNS
C:\python\999_cs\Quantum_Inpired_PSO_Classifcation\data\PVNS\Pigmented_Villonodular_Synovitis(PVNS)of_Ankle335.jpg,PVNS
C:\python\999_cs\Quantum_Inpired_PSO_Classifcation\data\PVNS\Pigmented_Villonodular_Synovitis(PVNS)of_Ankle336.jpg,PVNS
C:\python\999_cs\Quantum_Inpired_PSO_Classifcation\data\PVNS\Pigmented_Villonodular_Synovitis(PVNS)of_Ankle337.jpg,PVNS
C:\python\999_cs\Quantum_Inpired_PSO_Classifcation\data\PVNS\Pigmented_Villonodular_Synovitis(PVNS)of_Ankle338.jpg,PVNS
C:\python\999_cs\Quantum_Inpired_PSO_Classifcation\data\PVNS\Pigmented_Villonodular_Synovitis(PVNS)of_Ankle339.jpg,PVNS
C:\python\999_cs\Quantum_Inpired_PSO_Classifcation\data\PVNS\Pigmented_Villonodular_Synovitis(PVNS)of_Ankle340.jpg,PVNS
C:\python\999_cs\Quantum_Inpired_PSO_Classifcation\data\PVNS\Pigmented_Villonodular_Synovitis(PVNS)of_Ankle341.jpg,PVNS
C:\python\999_cs\Quantum_Inpired_PSO_Classifcation\data\PVNS\Pigmented_Villonodular_Synovitis(PVNS)of_Ankle342.jpg,PVNS
C:\python\999_cs\Quantum_Inpired_PSO_Classifcation\data\PVNS\Pigmented_Villonodular_Synovitis(PVNS)of_Ankle343.jpg,PVNS
C:\python\999_cs\Quantum_Inpired_PSO_Classifcation\data\PVNS\Pigmented_Villonodular_Synovitis(PVNS)of_Ankle344.jpg,PVNS
C:\python\999_cs\Quantum_Inpired_PSO_Classifcation\data\PVNS\Pigmented_Villonodular_Synovitis(PVNS)of_Ankle345.jpg,PVNS
C:\python\999_cs\Quantum_Inpired_PSO_Classifcation\data\PVNS\Pigmented_Villonodular_Synovitis(PVNS)of_Ankle346.jpg,PVNS
C:\python\999_cs\Quantum_Inpired_PSO_Classifcation\data\PVNS\Pigmented_Villonodular_Synovitis(PVNS)of_Ankle347.jpg,PVNS
C:\python\999_cs\Quantum_Inpired_PSO_Classifcation\data\PVNS\Pigmented_Villonodular_Synovitis(PVNS)of_Ankle348.jpg,PVNS
C:\python\999_cs\Quantum_Inpired_PSO_Classifcation\data\PVNS\Pigmented_Villonodular_Synovitis(PVNS)of_Ankle349.jpg,PVNS
C:\python\999_cs\Quantum_Inpired_PSO_Classifcation\data\PVNS\Pigmented_Villonodular_Synovitis(PVNS)of_Ankle350.jpg,PVNS
C:\python\999_cs\Quantum_Inpired_PSO_Classifcation\data\PVNS\Pigmented_Villonodular_Synovitis(PVNS)of_Ankle351.jpg,PVNS
C:\python\999_cs\Quantum_Inpired_PSO_Classifcation\data\PVNS\Pigmented_Villonodular_Synovitis(PVNS)of_Ankle352.jpg,PVNS
C:\python\999_cs\Quantum_Inpired_PSO_Classifcation\data\PVNS\Pigmented_Villonodular_Synovitis(PVNS)of_Ankle353.jpg,PVNS
C:\python\999_cs\Quantum_Inpired_PSO_Classifcation\data\PVNS\Pigmented_Villonodular_Synovitis(PVNS)of_Ankle354.jpg,PVNS
C:\python\999_cs\Quantum_Inpired_PSO_Classifcation\data\PVNS\Pigmented_Villonodular_Synovitis(PVNS)of_Ankle355.jpg,PVNS
C:\python\999_cs\Quantum_Inpired_PSO_Classifcation\data\PVNS\Pigmented_Villonodular_Synovitis(PVNS)of_Ankle356.jpg,PVNS
C:\python\999_cs\Quantum_Inpired_PSO_Classifcation\data\PVNS\Pigmented_Villonodular_Synovitis(PVNS)of_Ankle357.jpg,PVNS
C:\python\999_cs\Quantum_Inpired_PSO_Classifcation\data\PVNS\Pigmented_Villonodular_Synovitis(PVNS)of_Ankle358.jpg,PVNS
C:\python\999_cs\Quantum_Inpired_PSO_Classifcation\data\PVNS\Pigmented_Villonodular_Synovitis(PVNS)of_Ankle359.jpg,PVNS
C:\python\999_cs\Quantum_Inpired_PSO_Classifcation\data\PVNS\Pigmented_Villonodular_Synovitis(PVNS)of_Ankle360.jpg,PVNS
C:\python\999_cs\Quantum_Inpired_PSO_Classifcation\data\PVNS\Pigmented_Villonodular_Synovitis(PVNS)of_Ankle361.jpg,PVNS
C:\python\999_cs\Quantum_Inpired_PSO_Classifcation\data\PVNS\Pigmented_Villonodular_Synovitis(PVNS)of_Ankle362.jpg,PVNS
C:\python\999_cs\Quantum_Inpired_PSO_Classifcation\data\PVNS\Pigmented_Villonodular_Synovitis(PVNS)of_Ankle363.jpg,PVNS
C:\python\999_cs\Quantum_Inpired_PSO_Classifcation\data\PVNS\Pigmented_Villonodular_Synovitis(PVNS)of_Ankle364.jpg,PVNS
C:\python\999_cs\Quantum_Inpired_PSO_Classifcation\data\PVNS\Pigmented_Villonodular_Synovitis(PVNS)of_Ankle365.jpg,PVNS
C:\python\999_cs\Quantum_Inpired_PSO_Classifcation\data\PVNS\Pigmented_Villonodular_Synovitis(PVNS)of_Ankle366.jpg,PVNS
C:\python\999_cs\Quantum_Inpired_PSO_Classifcation\data\PVNS\Pigmented_Villonodular_Synovitis(PVNS)of_Ankle367.jpg,PVNS
C:\python\999_cs\Quantum_Inpired_PSO_Classifcation\data\PVNS\Pigmented_Villonodular_Synovitis(PVNS)of_Ankle368.jpg,PVNS
C:\python\999_cs\Quantum_Inpired_PSO_Classifcation\data\PVNS\Pigmented_Villonodular_Synovitis(PVNS)of_Ankle369.jpg,PVNS
C:\python\999_cs\Quantum_Inpired_PSO_Classifcation\data\PVNS\Pigmented_Villonodular_Synovitis(PVNS)of_Ankle370.jpg,PVNS
C:\python\999_cs\Quantum_Inpired_PSO_Classifcation\data\PVNS\Pigmented_Villonodular_Synovitis(PVNS)of_Ankle371.jpg,PVNS
C:\python\999_cs\Quantum_Inpired_PSO_Classifcation\data\PVNS\Pigmented_Villonodular_Synovitis(PVNS)of_Ankle372.jpg,PVNS
C:\python\999_cs\Quantum_Inpired_PSO_Classifcation\data\PVNS\Pigmented_Villonodular_Synovitis(PVNS)of_Ankle373.jpg,PVNS
C:\python\999_cs\Quantum_Inpired_PSO_Classifcation\data\PVNS\Pigmented_Villonodular_Synovitis(PVNS)of_Ankle374.jpg,PVNS
C:\python\999_cs\Quantum_Inpired_PSO_Classifcation\data\PVNS\Pigmented_Villonodular_Synovitis(PVNS)of_Ankle375.jpg,PVNS
C:\python\999_cs\Quantum_Inpired_PSO_Classifcation\data\PVNS\Pigmented_Villonodular_Synovitis(PVNS)of_Ankle376.jpg,PVNS
C:\python\999_cs\Quantum_Inpired_PSO_Classifcation\data\PVNS\Pigmented_Villonodular_Synovitis(PVNS)of_Ankle377.jpg,PVNS
C:\python\999_cs\Quantum_Inpired_PSO_Classifcation\data\PVNS\Pigmented_Villonodular_Synovitis(PVNS)of_Ankle378.jpg,PVNS
C:\python\999_cs\Quantum_Inpired_PSO_Classifcation\data\PVNS\Pigmented_Villonodular_Synovitis(PVNS)of_Ankle379.jpg,PVNS
C:\python\999_cs\Quantum_Inpired_PSO_Classifcation\data\PVNS\Pigmented_Villonodular_Synovitis(PVNS)of_Ankle380.jpg,PVNS
C:\python\999_cs\Quantum_Inpired_PSO_Classifcation\data\PVNS\Pigmented_Villonodular_Synovitis(PVNS)of_Ankle381.jpg,PVNS
C:\python\999_cs\Quantum_Inpired_PSO_Classifcation\data\PVNS\Pigmented_Villonodular_Synovitis(PVNS)of_Ankle382.jpg,PVNS
C:\python\999_cs\Quantum_Inpired_PSO_Classifcation\data\PVNS\Pigmented_Villonodular_Synovitis(PVNS)of_Ankle383.jpg,PVNS
C:\python\999_cs\Quantum_Inpired_PSO_Classifcation\data\PVNS\Pigmented_Villonodular_Synovitis(PVNS)of_Ankle384.jpg,PVNS
C:\python\999_cs\Quantum_Inpired_PSO_Classifcation\data\PVNS\Pigmented_Villonodular_Synovitis(PVNS)of_Ankle385.jpg,PVNS
C:\python\999_cs\Quantum_Inpired_PSO_Classifcation\data\PVNS\Pigmented_Villonodular_Synovitis(PVNS)of_Ankle386.jpg,PVNS
C:\python\999_cs\Quantum_Inpired_PSO_Classifcation\data\PVNS\Pigmented_Villonodular_Synovitis(PVNS)of_Ankle387.jpg,PVNS
C:\python\999_cs\Quantum_Inpired_PSO_Classifcation\data\PVNS\Pigmented_Villonodular_Synovitis(PVNS)of_Ankle388.jpg,PVNS
C:\python\999_cs\Quantum_Inpired_PSO_Classifcation\data\PVNS\Pigmented_Villonodular_Synovitis(PVNS)of_Ankle389.jpg,PVNS
C:\python\999_cs\Quantum_Inpired_PSO_Classifcation\data\PVNS\Pigmented_Villonodular_Synovitis(PVNS)of_Ankle390.jpg,PVNS
C:\python\999_cs\Quantum_Inpired_PSO_Classifcation\data\PVNS\Pigmented_Villonodular_Synovitis(PVNS)of_Ankle391.jpg,PVNS
C:\python\999_cs\Quantum_Inpired_PSO_Classifcation\data\PVNS\Pigmented_Villonodular_Synovitis(PVNS)of_Ankle392.jpg,PVNS
C:\python\999_cs\Quantum_Inpired_PSO_Classifcation\data\PVNS\Pigmented_Villonodular_Synovitis(PVNS)of_Ankle393.jpg,PVNS
C:\python\999_cs\Quantum_Inpired_PSO_Classifcation\data\PVNS\Pigmented_Villonodular_Synovitis(PVNS)of_Ankle394.jpg,PVNS
C:\python\999_cs\Quantum_Inpired_PSO_Classifcation\data\PVNS\Pigmented_Villonodular_Synovitis(PVNS)of_Ankle395.jpg,PVNS
C:\python\999_cs\Quantum_Inpired_PSO_Classifcation\data\PVNS\Pigmented_Villonodular_Synovitis(PVNS)of_Ankle396.jpg,PVNS
C:\python\999_cs\Quantum_Inpired_PSO_Classifcation\data\PVNS\Pigmented_Villonodular_Synovitis(PVNS)of_Ankle397.jpg,PVNS
C:\python\999_cs\Quantum_Inpired_PSO_Classifcation\data\PVNS\Pigmented_Villonodular_Synovitis(PVNS)of_Ankle398.jpg,PVNS
C:\python\999_cs\Quantum_Inpired_PSO_Classifcation\data\PVNS\Pigmented_Villonodular_Synovitis(PVNS)of_Ankle399.jpg,PVNS
C:\python\999_cs\Quantum_Inpired_PSO_Classifcation\data\PVNS\Pigmented_Villonodular_Synovitis(PVNS)of_Ankle400.jpg,PVNS
C:\python\999_cs\Quantum_Inpired_PSO_Classifcation\data\PVNS\Pigmented_Villonodular_Synovitis(PVNS)of_Ankle401.jpg,PVNS
C:\python\999_cs\Quantum_Inpired_PSO_Classifcation\data\PVNS\Pigmented_Villonodular_Synovitis(PVNS)of_Ankle402.jpg,PVNS
C:\python\999_cs\Quantum_Inpired_PSO_Classifcation\data\PVNS\Pigmented_Villonodular_Synovitis(PVNS)of_Ankle403.jpg,PVNS
C:\python\999_cs\Quantum_Inpired_PSO_Classifcation\data\PVNS\Pigmented_Villonodular_Synovitis(PVNS)of_Ankle404.jpg,PVNS
C:\python\999_cs\Quantum_Inpired_PSO_Classifcation\data\PVNS\Pigmented_Villonodular_Synovitis(PVNS)of_Ankle405.jpg,PVNS
C:\python\999_cs\Quantum_Inpired_PSO_Classifcation\data\PVNS\Pigmented_Villonodular_Synovitis(PVNS)of_Ankle406.jpg,PVNS
C:\python\999_cs\Quantum_Inpired_PSO_Classifcation\data\PVNS\Pigmented_Villonodular_Synovitis(PVNS)of_Ankle407.jpg,PVNS
C:\python\999_cs\Quantum_Inpired_PSO_Classifcation\data\PVNS\Pigmented_Villonodular_Synovitis(PVNS)of_Ankle408.jpg,PVNS
C:\python\999_cs\Quantum_Inpired_PSO_Classifcation\data\PVNS\Pigmented_Villonodular_Synovitis(PVNS)of_Ankle409.jpg,PVNS
C:\python\999_cs\Quantum_Inpired_PSO_Classifcation\data\PVNS\Pigmented_Villonodular_Synovitis(PVNS)of_Ankle410.jpg,PVNS
C:\python\999_cs\Quantum_Inpired_PSO_Classifcation\data\PVNS\Pigmented_Villonodular_Synovitis(PVNS)of_Ankle411.jpg,PVNS
C:\python\999_cs\Quantum_Inpired_PSO_Classifcation\data\PVNS\Pigmented_Villonodular_Synovitis(PVNS)of_Ankle412.jpg,PVNS
C:\python\999_cs\Quantum_Inpired_PSO_Classifcation\data\PVNS\Pigmented_Villonodular_Synovitis(PVNS)of_Ankle413.jpg,PVNS
C:\python\999_cs\Quantum_Inpired_PSO_Classifcation\data\PVNS\Pigmented_Villonodular_Synovitis(PVNS)of_Ankle414.jpg,PVNS
C:\python\999_cs\Quantum_Inpired_PSO_Classifcation\data\PVNS\Pigmented_Villonodular_Synovitis(PVNS)of_Ankle415.jpg,PVNS
C:\python\999_cs\Quantum_Inpired_PSO_Classifcation\data\PVNS\Pigmented_Villonodular_Synovitis(PVNS)of_Ankle416.jpg,PVNS
C:\python\999_cs\Quantum_Inpired_PSO_Classifcation\data\PVNS\Pigmented_Villonodular_Synovitis(PVNS)of_Ankle417.jpg,PVNS
C:\python\999_cs\Quantum_Inpired_PSO_Classifcation\data\PVNS\Pigmented_Villonodular_Synovitis(PVNS)of_Ankle418.jpg,PVNS
C:\python\999_cs\Quantum_Inpired_PSO_Classifcation\data\PVNS\Pigmented_Villonodular_Synovitis(PVNS)of_Ankle419.jpg,PVNS
C:\python\999_cs\Quantum_Inpired_PSO_Classifcation\data\PVNS\Pigmented_Villonodular_Synovitis(PVNS)of_Ankle420.jpg,PVNS
C:\python\999_cs\Quantum_Inpired_PSO_Classifcation\data\PVNS\Pigmented_Villonodular_Synovitis(PVNS)of_Ankle421.jpg,PVNS
C:\python\999_cs\Quantum_Inpired_PSO_Classifcation\data\PVNS\Pigmented_Villonodular_Synovitis(PVNS)of_Ankle422.jpg,PVNS
C:\python\999_cs\Quantum_Inpired_PSO_Classifcation\data\PVNS\Pigmented_Villonodular_Synovitis(PVNS)of_Ankle423.jpg,PVNS
C:\python\999_cs\Quantum_Inpired_PSO_Classifcation\data\PVNS\Pigmented_Villonodular_Synovitis(PVNS)of_Ankle424.jpg,PVNS
C:\python\999_cs\Quantum_Inpired_PSO_Classifcation\data\PVNS\Pigmented_Villonodular_Synovitis(PVNS)of_Ankle425.jpg,PVNS
C:\python\999_cs\Quantum_Inpired_PSO_Classifcation\data\PVNS\Pigmented_Villonodular_Synovitis(PVNS)of_Ankle426.jpg,PVNS
C:\python\999_cs\Quantum_Inpired_PSO_Classifcation\data\PVNS\Pigmented_Villonodular_Synovitis(PVNS)of_Ankle427.jpg,PVNS
C:\python\999_cs\Quantum_Inpired_PSO_Classifcation\data\PVNS\Pigmented_Villonodular_Synovitis(PVNS)of_Ankle428.jpg,PVNS
C:\python\999_cs\Quantum_Inpired_PSO_Classifcation\data\PVNS\Pigmented_Villonodular_Synovitis(PVNS)of_Ankle429.jpg,PVNS
C:\python\999_cs\Quantum_Inpired_PSO_Classifcation\data\PVNS\Pigmented_Villonodular_Synovitis(PVNS)of_Ankle430.jpg,PVNS
C:\python\999_cs\Quantum_Inpired_PSO_Classifcation\data\PVNS\Pigmented_Villonodular_Synovitis(PVNS)of_Ankle431.jpg,PVNS
C:\python\999_cs\Quantum_Inpired_PSO_Classifcation\data\PVNS\Pigmented_Villonodular_Synovitis(PVNS)of_Ankle432.jpg,PVNS
C:\python\999_cs\Quantum_Inpired_PSO_Classifcation\data\PVNS\Pigmented_Villonodular_Synovitis(PVNS)of_Ankle433.jpg,PVNS
C:\python\999_cs\Quantum_Inpired_PSO_Classifcation\data\PVNS\Pigmented_Villonodular_Synovitis(PVNS)of_Ankle434.jpg,PVNS
C:\python\999_cs\Quantum_Inpired_PSO_Classifcation\data\PVNS\Pigmented_Villonodular_Synovitis(PVNS)of_Ankle435.jpg,PVNS
C:\python\999_cs\Quantum_Inpired_PSO_Classifcation\data\PVNS\Pigmented_Villonodular_Synovitis(PVNS)of_Ankle436.jpg,PVNS
C:\python\999_cs\Quantum_Inpired_PSO_Classifcation\data\PVNS\Pigmented_Villonodular_Synovitis(PVNS)of_Ankle437.jpg,PVNS
C:\python\999_cs\Quantum_Inpired_PSO_Classifcation\data\PVNS\Pigmented_Villonodular_Synovitis(PVNS)of_Ankle438.jpg,PVNS
C:\python\999_cs\Quantum_Inpired_PSO_Classifcation\data\PVNS\Pigmented_Villonodular_Synovitis(PVNS)of_Ankle439.jpg,PVNS
C:\python\999_cs\Quantum_Inpired_PSO_Classifcation\data\PVNS\Pigmented_Villonodular_Synovitis(PVNS)of_Ankle440.jpg,PVNS
C:\python\999_cs\Quantum_Inpired_PSO_Classifcation\data\PVNS\Pigmented_Villonodular_Synovitis(PVNS)of_Ankle441.jpg,PVNS
C:\python\999_cs\Quantum_Inpired_PSO_Classifcation\data\PVNS\Pigmented_Villonodular_Synovitis(PVNS)of_Ankle442.jpg,PVNS
C:\python\999_cs\Quantum_Inpired_PSO_Classifcation\data\PVNS\Pigmented_Villonodular_Synovitis(PVNS)of_Ankle443.jpg,PVNS
C:\python\999_cs\Quantum_Inpired_PSO_Classifcation\data\PVNS\Pigmented_Villonodular_Synovitis(PVNS)of_Ankle444.jpg,PVNS
C:\python\999_cs\Quantum_Inpired_PSO_Classifcation\data\PVNS\Pigmented_Villonodular_Synovitis(PVNS)of_Ankle445.jpg,PVNS
C:\python\999_cs\Quantum_Inpired_PSO_Classifcation\data\PVNS\Pigmented_Villonodular_Synovitis(PVNS)of_Ankle446.jpg,PVNS
C:\python\999_cs\Quantum_Inpired_PSO_Classifcation\data\PVNS\Pigmented_Villonodular_Synovitis(PVNS)of_Ankle447.jpg,PVNS
C:\python\999_cs\Quantum_Inpired_PSO_Classifcation\data\PVNS\Pigmented_Villonodular_Synovitis(PVNS)of_Ankle448.jpg,PVNS
C:\python\999_cs\Quantum_Inpired_PSO_Classifcation\data\PVNS\Pigmented_Villonodular_Synovitis(PVNS)of_Ankle449.jpg,PVNS
C:\python\999_cs\Quantum_Inpired_PSO_Classifcation\data\PVNS\Pigmented_Villonodular_Synovitis(PVNS)of_Ankle450.jpg,PVNS
C:\python\999_cs\Quantum_Inpired_PSO_Classifcation\data\PVNS\Pigmented_Villonodular_Synovitis(PVNS)of_Ankle451.jpg,PVNS
C:\python\999_cs\Quantum_Inpired_PSO_Classifcation\data\PVNS\Pigmented_Villonodular_Synovitis(PVNS)of_Ankle452.jpg,PVNS
C:\python\999_cs\Quantum_Inpired_PSO_Classifcation\data\PVNS\Pigmented_Villonodular_Synovitis(PVNS)of_Ankle453.jpg,PVNS
C:\python\999_cs\Quantum_Inpired_PSO_Classifcation\data\PVNS\Pigmented_Villonodular_Synovitis(PVNS)of_Ankle454.jpg,PVNS
C:\python\999_cs\Quantum_Inpired_PSO_Classifcation\data\PVNS\Pigmented_Villonodular_Synovitis(PVNS)of_Ankle455.jpg,PVNS
C:\python\999_cs\Quantum_Inpired_PSO_Classifcation\data\PVNS\Pigmented_Villonodular_Synovitis(PVNS)of_Ankle456.jpg,PVNS
C:\python\999_cs\Quantum_Inpired_PSO_Classifcation\data\PVNS\Pigmented_Villonodular_Synovitis(PVNS)of_Ankle457.jpg,PVNS
C:\python\999_cs\Quantum_Inpired_PSO_Classifcation\data\PVNS\Pigmented_Villonodular_Synovitis(PVNS)of_Ankle458.jpg,PVNS
C:\python\999_cs\Quantum_Inpired_PSO_Classifcation\data\PVNS\Pigmented_Villonodular_Synovitis(PVNS)of_Ankle459.jpg,PVNS
C:\python\999_cs\Quantum_Inpired_PSO_Classifcation\data\PVNS\Pigmented_Villonodular_Synovitis(PVNS)of_Ankle460.jpg,PVNS
C:\python\999_cs\Quantum_Inpired_PSO_Classifcation\data\PVNS\Pigmented_Villonodular_Synovitis(PVNS)of_Ankle461.jpg,PVNS
C:\python\999_cs\Quantum_Inpired_PSO_Classifcation\data\PVNS\Pigmented_Villonodular_Synovitis(PVNS)of_Ankle462.jpg,PVNS
C:\python\999_cs\Quantum_Inpired_PSO_Classifcation\data\PVNS\Pigmented_Villonodular_Synovitis(PVNS)of_Ankle463.jpg,PVNS
C:\python\999_cs\Quantum_Inpired_PSO_Classifcation\data\PVNS\Pigmented_Villonodular_Synovitis(PVNS)of_Ankle464.jpg,PVNS
C:\python\999_cs\Quantum_Inpired_PSO_Classifcation\data\PVNS\Pigmented_Villonodular_Synovitis(PVNS)of_Ankle465.jpg,PVNS
C:\python\999_cs\Quantum_Inpired_PSO_Classifcation\data\PVNS\Pigmented_Villonodular_Synovitis(PVNS)of_Ankle466.jpg,PVNS
C:\python\999_cs\Quantum_Inpired_PSO_Classifcation\data\PVNS\Pigmented_Villonodular_Synovitis(PVNS)of_Ankle467.jpg,PVNS
C:\python\999_cs\Quantum_Inpired_PSO_Classifcation\data\PVNS\Pigmented_Villonodular_Synovitis(PVNS)of_Ankle468.jpg,PVNS
C:\python\999_cs\Quantum_Inpired_PSO_Classifcation\data\PVNS\Pigmented_Villonodular_Synovitis(PVNS)of_Ankle469.jpg,PVNS
C:\python\999_cs\Quantum_Inpired_PSO_Classifcation\data\PVNS\Pigmented_Villonodular_Synovitis(PVNS)of_Ankle470.jpg,PVNS
C:\python\999_cs\Quantum_Inpired_PSO_Classifcation\data\PVNS\Pigmented_Villonodular_Synovitis(PVNS)of_Ankle471.jpg,PVNS
C:\python\999_cs\Quantum_Inpired_PSO_Classifcation\data\PVNS\Pigmented_Villonodular_Synovitis(PVNS)of_Ankle472.jpg,PVNS
C:\python\999_cs\Quantum_Inpired_PSO_Classifcation\data\PVNS\Pigmented_Villonodular_Synovitis(PVNS)of_Ankle473.jpg,PVNS
C:\python\999_cs\Quantum_Inpired_PSO_Classifcation\data\PVNS\Pigmented_Villonodular_Synovitis(PVNS)of_Ankle474.jpg,PVNS
C:\python\999_cs\Quantum_Inpired_PSO_Classifcation\data\PVNS\Pigmented_Villonodular_Synovitis(PVNS)of_Ankle475.jpg,PVNS
C:\python\999_cs\Quantum_Inpired_PSO_Classifcation\data\PVNS\Pigmented_Villonodular_Synovitis(PVNS)of_Ankle476.jpg,PVNS
C:\python\999_cs\Quantum_Inpired_PSO_Classifcation\data\PVNS\Pigmented_Villonodular_Synovitis(PVNS)of_Ankle477.jpg,PVNS
C:\python\999_cs\Quantum_Inpired_PSO_Classifcation\data\PVNS\Pigmented_Villonodular_Synovitis(PVNS)of_Ankle478.jpg,PVNS
C:\python\999_cs\Quantum_Inpired_PSO_Classifcation\data\PVNS\Pigmented_Villonodular_Synovitis(PVNS)of_Ankle479.jpg,PVNS
C:\python\999_cs\Quantum_Inpired_PSO_Classifcation\data\PVNS\Pigmented_Villonodular_Synovitis(PVNS)of_Ankle480.jpg,PVNS
C:\python\999_cs\Quantum_Inpired_PSO_Classifcation\data\PVNS\Pigmented_Villonodular_Synovitis(PVNS)of_Ankle481.jpg,PVNS
C:\python\999_cs\Quantum_Inpired_PSO_Classifcation\data\PVNS\Pigmented_Villonodular_Synovitis(PVNS)of_Ankle482.jpg,PVNS
C:\python\999_cs\Quantum_Inpired_PSO_Classifcation\data\PVNS\Pigmented_Villonodular_Synovitis(PVNS)of_Ankle483.jpg,PVNS
C:\python\999_cs\Quantum_Inpired_PSO_Classifcation\data\PVNS\Pigmented_Villonodular_Synovitis(PVNS)of_Ankle484.jpg,PVNS
C:\python\999_cs\Quantum_Inpired_PSO_Classifcation\data\PVNS\Pigmented_Villonodular_Synovitis(PVNS)of_Ankle485.jpg,PVNS
C:\python\999_cs\Quantum_Inpired_PSO_Classifcation\data\PVNS\Pigmented_Villonodular_Synovitis(PVNS)of_Ankle486.jpg,PVNS
C:\python\999_cs\Quantum_Inpired_PSO_Classifcation\data\PVNS\Pigmented_Villonodular_Synovitis(PVNS)of_Ankle487.jpg,PVNS
C:\python\999_cs\Quantum_Inpired_PSO_Classifcation\data\PVNS\Pigmented_Villonodular_Synovitis(PVNS)of_Ankle488.jpg,PVNS
C:\python\999_cs\Quantum_Inpired_PSO_Classifcation\data\PVNS\Pigmented_Villonodular_Synovitis(PVNS)of_Ankle489.jpg,PVNS
C:\python\999_cs\Quantum_Inpired_PSO_Classifcation\data\PVNS\Pigmented_Villonodular_Synovitis(PVNS)of_Ankle490.jpg,PVNS
C:\python\999_cs\Quantum_Inpired_PSO_Classifcation\data\PVNS\Pigmented_Villonodular_Synovitis(PVNS)of_Ankle491.jpg,PVNS
C:\python\999_cs\Quantum_Inpired_PSO_Classifcation\data\PVNS\Pigmented_Villonodular_Synovitis(PVNS)of_Ankle492.jpg,PVNS
C:\python\999_cs\Quantum_Inpired_PSO_Classifcation\data\PVNS\Pigmented_Villonodular_Synovitis(PVNS)of_Ankle493.jpg,PVNS
C:\python\999_cs\Quantum_Inpired_PSO_Classifcation\data\PVNS\Pigmented_Villonodular_Synovitis(PVNS)of_Ankle494.jpg,PVNS
C:\python\999_cs\Quantum_Inpired_PSO_Classifcation\data\PVNS\Pigmented_Villonodular_Synovitis(PVNS)of_Ankle495.jpg,PVNS
C:\python\999_cs\Quantum_Inpired_PSO_Classifcation\data\PVNS\Pigmented_Villonodular_Synovitis(PVNS)of_Ankle496.jpg,PVNS
C:\python\999_cs\Quantum_Inpired_PSO_Classifcation\data\PVNS\Pigmented_Villonodular_Synovitis(PVNS)of_Ankle497.jpg,PVNS
C:\python\999_cs\Quantum_Inpired_PSO_Classifcation\data\PVNS\Pigmented_Villonodular_Synovitis(PVNS)of_Ankle498.jpg,PVNS
C:\python\999_cs\Quantum_Inpired_PSO_Classifcation\data\PVNS\Pigmented_Villonodular_Synovitis(PVNS)of_Ankle499.jpg,PVNS
C:\python\999_cs\Quantum_Inpired_PSO_Classifcation\data\PVNS\Pigmented_Villonodular_Synovitis(PVNS)of_Ankle500.jpg,PVNS
C:\python\999_cs\Quantum_Inpired_PSO_Classifcation\data\PVNS\Pigmented_Villonodular_Synovitis(PVNS)of_Ankle501.jpg,PVNS
C:\python\999_cs\Quantum_Inpired_PSO_Classifcation\data\PVNS\Pigmented_Villonodular_Synovitis(PVNS)of_Ankle502.jpg,PVNS
C:\python\999_cs\Quantum_Inpired_PSO_Classifcation\data\PVNS\Pigmented_Villonodular_Synovitis(PVNS)of_Ankle503.jpg,PVNS
C:\python\999_cs\Quantum_Inpired_PSO_Classifcation\data\PVNS\Pigmented_Villonodular_Synovitis(PVNS)of_Ankle504.jpg,PVNS
C:\python\999_cs\Quantum_Inpired_PSO_Classifcation\data\PVNS\Pigmented_Villonodular_Synovitis(PVNS)of_Ankle505.jpg,PVNS
C:\python\999_cs\Quantum_Inpired_PSO_Classifcation\data\PVNS\Pigmented_Villonodular_Synovitis(PVNS)of_Ankle506.jpg,PVNS
C:\python\999_cs\Quantum_Inpired_PSO_Classifcation\data\PVNS\Pigmented_Villonodular_Synovitis(PVNS)of_Ankle507.jpg,PVNS
C:\python\999_cs\Quantum_Inpired_PSO_Classifcation\data\PVNS\Pigmented_Villonodular_Synovitis(PVNS)of_Ankle508.jpg,PVNS
C:\python\999_cs\Quantum_Inpired_PSO_Classifcation\data\PVNS\Pigmented_Villonodular_Synovitis(PVNS)of_Ankle509.jpg,PVNS
C:\python\999_cs\Quantum_Inpired_PSO_Classifcation\data\PVNS\Pigmented_Villonodular_Synovitis(PVNS)of_Ankle510.jpg,PVNS
C:\python\999_cs\Quantum_Inpired_PSO_Classifcation\data\PVNS\Pigmented_Villonodular_Synovitis(PVNS)of_Ankle511.jpg,PVNS
C:\python\999_cs\Quantum_Inpired_PSO_Classifcation\data\PVNS\Pigmented_Villonodular_Synovitis(PVNS)of_Ankle512.jpg,PVNS
C:\python\999_cs\Quantum_Inpired_PSO_Classifcation\data\PVNS\Pigmented_Villonodular_Synovitis(PVNS)of_Ankle513.jpg,PVNS
C:\python\999_cs\Quantum_Inpired_PSO_Classifcation\data\PVNS\Pigmented_Villonodular_Synovitis(PVNS)of_Ankle514.jpg,PVNS
C:\python\999_cs\Quantum_Inpired_PSO_Classifcation\data\PVNS\Pigmented_Villonodular_Synovitis(PVNS)of_Ankle515.jpg,PVNS
C:\python\999_cs\Quantum_Inpired_PSO_Classifcation\data\PVNS\Pigmented_Villonodular_Synovitis(PVNS)of_Ankle516.jpg,PVNS
C:\python\999_cs\Quantum_Inpired_PSO_Classifcation\data\PVNS\Pigmented_Villonodular_Synovitis(PVNS)of_Ankle517.jpg,PVNS
C:\python\999_cs\Quantum_Inpired_PSO_Classifcation\data\PVNS\Pigmented_Villonodular_Synovitis(PVNS)of_Ankle518.jpg,PVNS
C:\python\999_cs\Quantum_Inpired_PSO_Classifcation\data\PVNS\Pigmented_Villonodular_Synovitis(PVNS)of_Ankle519.jpg,PVNS
C:\python\999_cs\Quantum_Inpired_PSO_Classifcation\data\PVNS\Pigmented_Villonodular_Synovitis(PVNS)of_Ankle520.jpg,PVNS
C:\python\999_cs\Quantum_Inpired_PSO_Classifcation\data\PVNS\Pigmented_Villonodular_Synovitis(PVNS)of_Ankle521.jpg,PVNS
C:\python\999_cs\Quantum_Inpired_PSO_Classifcation\data\PVNS\Pigmented_Villonodular_Synovitis(PVNS)of_Ankle522.jpg,PVNS
C:\python\999_cs\Quantum_Inpired_PSO_Classifcation\data\PVNS\Pigmented_Villonodular_Synovitis(PVNS)of_Ankle523.jpg,PVNS
C:\python\999_cs\Quantum_Inpired_PSO_Classifcation\data\PVNS\Pigmented_Villonodular_Synovitis(PVNS)of_Ankle524.jpg,PVNS
C:\python\999_cs\Quantum_Inpired_PSO_Classifcation\data\PVNS\Pigmented_Villonodular_Synovitis(PVNS)of_Ankle525.jpg,PVNS
C:\python\999_cs\Quantum_Inpired_PSO_Classifcation\data\PVNS\Pigmented_Villonodular_Synovitis(PVNS)of_Ankle526.jpg,PVNS
C:\python\999_cs\Quantum_Inpired_PSO_Classifcation\data\PVNS\Pigmented_Villonodular_Synovitis(PVNS)of_Ankle527.jpg,PVNS
C:\python\999_cs\Quantum_Inpired_PSO_Classifcation\data\PVNS\Pigmented_Villonodular_Synovitis(PVNS)of_Ankle528.jpg,PVNS
C:\python\999_cs\Quantum_Inpired_PSO_Classifcation\data\PVNS\Pigmented_Villonodular_Synovitis(PVNS)of_Ankle529.jpg,PVNS
C:\python\999_cs\Quantum_Inpired_PSO_Classifcation\data\PVNS\Pigmented_Villonodular_Synovitis(PVNS)of_Ankle530.jpg,PVNS
C:\python\999_cs\Quantum_Inpired_PSO_Classifcation\data\PVNS\Pigmented_Villonodular_Synovitis(PVNS)of_Ankle531.jpg,PVNS
C:\python\999_cs\Quantum_Inpired_PSO_Classifcation\data\PVNS\Pigmented_Villonodular_Synovitis(PVNS)of_Ankle532.jpg,PVNS
C:\python\999_cs\Quantum_Inpired_PSO_Classifcation\data\PVNS\Pigmented_Villonodular_Synovitis(PVNS)of_Ankle533.jpg,PVNS
C:\python\999_cs\Quantum_Inpired_PSO_Classifcation\data\PVNS\Pigmented_Villonodular_Synovitis(PVNS)of_Ankle534.jpg,PVNS
C:\python\999_cs\Quantum_Inpired_PSO_Classifcation\data\PVNS\Pigmented_Villonodular_Synovitis(PVNS)of_Ankle535.jpg,PVNS
C:\python\999_cs\Quantum_Inpired_PSO_Classifcation\data\PVNS\Pigmented_Villonodular_Synovitis(PVNS)of_Ankle536.jpg,PVNS
C:\python\999_cs\Quantum_Inpired_PSO_Classifcation\data\PVNS\Pigmented_Villonodular_Synovitis(PVNS)of_Ankle537.jpg,PVNS
C:\python\999_cs\Quantum_Inpired_PSO_Classifcation\data\PVNS\Pigmented_Villonodular_Synovitis(PVNS)of_Ankle538.jpg,PVNS
C:\python\999_cs\Quantum_Inpired_PSO_Classifcation\data\PVNS\Pigmented_Villonodular_Synovitis(PVNS)of_Ankle539.jpg,PVNS
C:\python\999_cs\Quantum_Inpired_PSO_Classifcation\data\PVNS\Pigmented_Villonodular_Synovitis(PVNS)of_Ankle540.jpg,PVNS
C:\python\999_cs\Quantum_Inpired_PSO_Classifcation\data\PVNS\Pigmented_Villonodular_Synovitis(PVNS)of_Ankle541.jpg,PVNS
C:\python\999_cs\Quantum_Inpired_PSO_Classifcation\data\PVNS\Pigmented_Villonodular_Synovitis(PVNS)of_Ankle542.jpg,PVNS
C:\python\999_cs\Quantum_Inpired_PSO_Classifcation\data\PVNS\Pigmented_Villonodular_Synovitis(PVNS)of_Ankle543.jpg,PVNS
C:\python\999_cs\Quantum_Inpired_PSO_Classifcation\data\PVNS\Pigmented_Villonodular_Synovitis(PVNS)of_Ankle544.jpg,PVNS
C:\python\999_cs\Quantum_Inpired_PSO_Classifcation\data\PVNS\Pigmented_Villonodular_Synovitis(PVNS)of_Ankle545.jpg,PVNS
C:\python\999_cs\Quantum_Inpired_PSO_Classifcation\data\PVNS\Pigmented_Villonodular_Synovitis(PVNS)of_Ankle546.jpg,PVNS
C:\python\999_cs\Quantum_Inpired_PSO_Classifcation\data\PVNS\Pigmented_Villonodular_Synovitis(PVNS)of_Ankle547.jpg,PVNS
C:\python\999_cs\Quantum_Inpired_PSO_Classifcation\data\PVNS\Pigmented_Villonodular_Synovitis(PVNS)of_Ankle548.jpg,PVNS
C:\python\999_cs\Quantum_Inpired_PSO_Classifcation\data\PVNS\Pigmented_Villonodular_Synovitis(PVNS)of_Ankle549.jpg,PVNS
C:\python\999_cs\Quantum_Inpired_PSO_Classifcation\data\PVNS\Pigmented_Villonodular_Synovitis(PVNS)of_Ankle550.jpg,PVNS
C:\python\999_cs\Quantum_Inpired_PSO_Classifcation\data\PVNS\Pigmented_Villonodular_Synovitis(PVNS)of_Ankle551.jpg,PVNS
C:\python\999_cs\Quantum_Inpired_PSO_Classifcation\data\PVNS\Pigmented_Villonodular_Synovitis(PVNS)of_Ankle552.jpg,PVNS
C:\python\999_cs\Quantum_Inpired_PSO_Classifcation\data\PVNS\Pigmented_Villonodular_Synovitis(PVNS)of_Ankle553.jpg,PVNS
C:\python\999_cs\Quantum_Inpired_PSO_Classifcation\data\PVNS\Pigmented_Villonodular_Synovitis(PVNS)of_Ankle554.jpg,PVNS
C:\python\999_cs\Quantum_Inpired_PSO_Classifcation\data\PVNS\Pigmented_Villonodular_Synovitis(PVNS)of_Ankle555.jpg,PVNS
C:\python\999_cs\Quantum_Inpired_PSO_Classifcation\data\PVNS\Pigmented_Villonodular_Synovitis(PVNS)of_Ankle556.jpg,PVNS
C:\python\999_cs\Quantum_Inpired_PSO_Classifcation\data\PVNS\Pigmented_Villonodular_Synovitis(PVNS)of_Ankle557.jpg,PVNS
C:\python\999_cs\Quantum_Inpired_PSO_Classifcation\data\PVNS\Pigmented_Villonodular_Synovitis(PVNS)of_Ankle558.jpg,PVNS
C:\python\999_cs\Quantum_Inpired_PSO_Classifcation\data\PVNS\Pigmented_Villonodular_Synovitis(PVNS)of_Ankle559.jpg,PVNS
C:\python\999_cs\Quantum_Inpired_PSO_Classifcation\data\PVNS\Pigmented_Villonodular_Synovitis(PVNS)of_Ankle560.jpg,PVNS
C:\python\999_cs\Quantum_Inpired_PSO_Classifcation\data\PVNS\Pigmented_Villonodular_Synovitis(PVNS)of_Ankle561.jpg,PVNS
C:\python\999_cs\Quantum_Inpired_PSO_Classifcation\data\PVNS\Pigmented_Villonodular_Synovitis(PVNS)of_Ankle562.jpg,PVNS
C:\python\999_cs\Quantum_Inpired_PSO_Classifcation\data\PVNS\Pigmented_Villonodular_Synovitis(PVNS)of_Ankle563.jpg,PVNS
C:\python\999_cs\Quantum_Inpired_PSO_Classifcation\data\PVNS\Pigmented_Villonodular_Synovitis(PVNS)of_Ankle564.jpg,PVNS
C:\python\999_cs\Quantum_Inpired_PSO_Classifcation\data\PVNS\Pigmented_Villonodular_Synovitis(PVNS)of_Ankle565.jpg,PVNS
C:\python\999_cs\Quantum_Inpired_PSO_Classifcation\data\PVNS\Pigmented_Villonodular_Synovitis(PVNS)of_Ankle566.jpg,PVNS
C:\python\999_cs\Quantum_Inpired_PSO_Classifcation\data\PVNS\Pigmented_Villonodular_Synovitis(PVNS)of_Ankle567.jpg,PVNS
C:\python\999_cs\Quantum_Inpired_PSO_Classifcation\data\PVNS\Pigmented_Villonodular_Synovitis(PVNS)of_Ankle568.jpg,PVNS
C:\python\999_cs\Quantum_Inpired_PSO_Classifcation\data\PVNS\Pigmented_Villonodular_Synovitis(PVNS)of_Ankle569.jpg,PVNS
C:\python\999_cs\Quantum_Inpired_PSO_Classifcation\data\PVNS\Pigmented_Villonodular_Synovitis(PVNS)of_Ankle570.jpg,PVNS
C:\python\999_cs\Quantum_Inpired_PSO_Classifcation\data\PVNS\Pigmented_Villonodular_Synovitis(PVNS)of_Ankle571.jpg,PVNS
C:\python\999_cs\Quantum_Inpired_PSO_Classifcation\data\PVNS\Pigmented_Villonodular_Synovitis(PVNS)of_Ankle572.jpg,PVNS
C:\python\999_cs\Quantum_Inpired_PSO_Classifcation\data\PVNS\Pigmented_Villonodular_Synovitis(PVNS)of_Ankle573.jpg,PVNS
C:\python\999_cs\Quantum_Inpired_PSO_Classifcation\data\PVNS\Pigmented_Villonodular_Synovitis(PVNS)of_Ankle574.jpg,PVNS
C:\python\999_cs\Quantum_Inpired_PSO_Classifcation\data\PVNS\Pigmented_Villonodular_Synovitis(PVNS)of_Ankle575.jpg,PVNS
C:\python\999_cs\Quantum_Inpired_PSO_Classifcation\data\PVNS\Pigmented_Villonodular_Synovitis(PVNS)of_Ankle576.jpg,PVNS
C:\python\999_cs\Quantum_Inpired_PSO_Classifcation\data\PVNS\Pigmented_Villonodular_Synovitis(PVNS)of_Ankle577.jpg,PVNS
C:\python\999_cs\Quantum_Inpired_PSO_Classifcation\data\PVNS\Pigmented_Villonodular_Synovitis(PVNS)of_Ankle578.jpg,PVNS
C:\python\999_cs\Quantum_Inpired_PSO_Classifcation\data\PVNS\Pigmented_Villonodular_Synovitis(PVNS)of_Ankle579.jpg,PVNS
C:\python\999_cs\Quantum_Inpired_PSO_Classifcation\data\PVNS\Pigmented_Villonodular_Synovitis(PVNS)of_Ankle580.jpg,PVNS
C:\python\999_cs\Quantum_Inpired_PSO_Classifcation\data\PVNS\Pigmented_Villonodular_Synovitis(PVNS)of_Ankle581.jpg,PVNS
C:\python\999_cs\Quantum_Inpired_PSO_Classifcation\data\PVNS\Pigmented_Villonodular_Synovitis(PVNS)of_Ankle582.jpg,PVNS
C:\python\999_cs\Quantum_Inpired_PSO_Classifcation\data\PVNS\Pigmented_Villonodular_Synovitis(PVNS)of_Ankle583.jpg,PVNS
C:\python\999_cs\Quantum_Inpired_PSO_Classifcation\data\PVNS\Pigmented_Villonodular_Synovitis(PVNS)of_Ankle584.jpg,PVNS
